sentimen;tahun;text
Netral;2018;''info PPDB dapat menghubungi telp (hunting) 021-8400387 Ext : TK 114, SD  115/116, SMP 118, SMA 124, SMK 1 127 dan SMK 2 131 #pendidikan #pendidikanislam #siswabaru #Jakarta #islamicschool #SDN @pbsoedirman24 @yisc_alazhar @GlobalIslamic @Kemdikbud_RI'
Netral;2018;''PPDB SDN 2019 DKI Jakarta Tidak Perlu Sertakan KIA #PPDB #Disdik #KIA https://t.co/YuLLszSZzC'
Netral;2018;''Informasi PPDB 2019/2020 SDS Regina Pacis Jakarta\n#recisjakarta https://t.co/q7xTwZi45U'
Netral;2018;''PPDB SMK Telkom Jakarta\n\nPenerimaan Peserta Didik Baru \nTA 2019-2020 telah dibuka. \n\nInfo lanjut :\nhttps://t.co/mwOHOhqH8p\nWA.  08111-44-2600 @ Smk telkom school jakarta https://t.co/snUFXGSg1m'
Netral;2018;''Ombudsman Perwakilan Jakarta Raya menemukan berbagai dugaan pelanggaran dan maladministrasi dalam penerimaan peserta didik baru (PPDB) Online 2018 di Bogor, Depok, dan Bekasi.\n\nhttps://t.co/ueTZOYiAQf'
Netral;2018;'Info pendaftaran PPDB SMK Telkom Jakarta TA 2019-2020\n\nUntuk keterangan lebih lanjut, silahkan hubungi petugas PPDB kami di nomor 08-111-44-2600 atau nomor 021-544 2600\n\nProsedur https://t.co/sIpJqHaNPH'
Positif;2018;'Radar Bogor : Sleman Apresiasi PPDB dengan Sistem Zonasi JAKARTA-RADAR BOGOR, Meski sempat men  https://t.co/8COwH0l6u9'
Positif;2018;''Semua dilayani denga baik di Posko PPDB Online DKI Jakarta https://t.co/L3A2efBbTh \nMimin memantau proses pelayanan di posko https://t.co/Y4DhCp0mhc'
Positif;2018;''mimin memantau kunjungan Gubernur DKI jakarta  di Posko PPDB Online DKI jakarta, Alhamdulillah PPDB DKI jakarta tahun ini berjalan Lancar, aman terkendali \nhttps://t.co/L3A2efBbTh @Disdik_DKI https://t.co/Q40d9gWlsS'
Positif;2018;''Alhamdulillah PPDB SMA Negeri tahap pertama selesai dan Yartika diterima di SMA Negeri 46 Jakarta.'
Positif;2018;''Sore ini jam 16.00, PPDB Jakarta, tahap1 jalur lokal SMAN sudah ditutup dan dinyatakan kandidatnya sdh di terima.\nKeren Proses Seleksinya.'
Positif;2018;''@anisakarsa @banten_prov Biasanya karena overload servernya, dan tenggang waktu akan diperpanjang, Jakarta juga dulu begitu....tp tahun ini sepertinya sudah bagus....utk PPDB'
Positif;2018;''Dari penjelasan ini, Pemda Jakarta berkomitmen setiap anak dapat imunisasi. Tapi Pemda jg nggak mau anak gagal sekolah krn blm imunisasi.\n\nOleh karena itu, PPDB jadi semacam screening riwayat #imunisasi calon murid.\n\nJalan tengah yg baik. https://t.co/45iGIljOXV'
Negatif;2019;''@jokowi PAK PRESIDEN TERBAIK SEUMUR HIDUPKU knp ya kok PPDB DKI Jakarta lain dgn seluruh provinsi lain  se-Indonesia? ga pake SISTEM ZONASI pak.... kasihan kan yg ga bisa sekolah  dinegri krn ga bs dpt kebijakan dari pak JOKOWI yaitu SEKOLAH  GRATIS.'
Negatif;2019;''@PPDBDKI1 knp ya kok PPDB DKI Jakarta lain dgn seluruh provinsi lain se-Indonesia... ga pake SISTEM ZONASI.... kasihan kan yg ga bisa sekolah dinegri krn ga bs dpt kebijakan dari pak JOKOWI yaitus SEKOLAH GRATIS....'
Negatif;2019;''@dianamidelaID @ppdbdki @Sutoyo77763066 @VINAorDUNUK @aniesbaswedan Kok sama ya rekapin hasil PPDB jakarta sejak bocahnya kls 7 hahaha'
Negatif;2019;''Ombudsman Sesalkan DKI Jakarta Tak Terapkan PPDB Zonasi, Ada Apa? https://t.co/mgcG25AXs5'
Negatif;2019;''Ombudsman Sesalkan DKI Jakarta Tak Terapkan PPDB Zonasi, Ada Apa? https://t.co/ywXDWI6ywi'
Negatif;2019;''Ombudsman Sesalkan DKI Jakarta Tak Terapkan PPDB Zonasi, Ada Apa? https://t.co/JDy5jkEbNY'
Negatif;2019;''Bagaimana merengking di PPDB Online DKI  Jakarta??? Koq seperti tidak memenuhi aturan?\n\nKeterangan Gambar\n\nNilai Inisial Siswa M.\n\nNilai Inisial Siswa A.\n\nSeleksi Tayang di Online\n:\n\n1. Inisial M tayang di... https://t.co/XSGUBJQpKN'
Negatif;2019;''Pindah Domisili Agar Lolos Sistem Zonasi PPDB di Jakarta Pasti Sia-sia https://t.co/ojz4zoUK2w'
Negatif;2019;''frustasi sm ppdb jakarta..'
Negatif;2019;''pak @jokowi , ppdb dki jakarta saat ini sedang sangat kacau, pak. saya mau sekolah'
Negatif;2019;''@PPDBDKI1 To admin maaf mau tanya mengenai sistem zonasi khususnya seleksi masuk ppdb SMAN jakarta barat itu berdasarkan jarak dr rumah ke selokah tujuan terdekat atau tetap grading seperti tahun sebelumnya by nilai tertinggi soalnya saya merasa sbg ortu murid sistem zonasi ttpby nilai'
Negatif;2019;''PPDB Jalur Zonasi SMA Jakarta Diwarnai Keluhan soal Waktu Pelayanan https://t.co/9W2DY3ltrt'
Negatif;2019;''Orang Tua Keluhkan Lamanya Proses PPDB Sistem Zonasi di Jakarta https://t.co/21JkVtnjYA https://t.co/uvtpuBuYBM'
Negatif;2019;''@Stargazzinxx #hapuskanzonasi\nTOLONG PAK NOTICE! BESOK PPDB JAKARTA DIBUKA DAN SAYA MAU ZONASI SUDAH DIHAPUS KALO PERLU PPDB ULANG! nilai saya bagus dan mati matian belajar dan keluarin banyak uang kl hasilnya zonk mending saya gausah sekolah pak. biar pendidikan indonesia makin BOBROK!!!!!!!!'
Negatif;2019;''Setiap Tahun ganti model PPDB, Saya Bingung dengan orang pandai yang ada di Jakarta. Mengapa selalu Dunia Pendidikan menjadi Uji Coba Sistem.\nAyo Kembali ke Bimbingan Ki Hajar Dewantoro'
Negatif;2019;''Orangtua Murid Nilai Sistem Zonasi PPDB 2019 Tidak Adil https://t.co/nz6yMp80IR lewat @Tribun_Jakarta'
Netral;2019;''Pengantaran Prakerin Jakarta dan Sekitarnya.\n.\nPPDB 2020/2021 telah dibuka !\n\nPendfataran :\nhttps://t.co/KeLoszQAsf\nWA 081 393 184748 https://t.co/7rokNx88Yk'
Netral;2019;''------------------------\nM36a\nSMP Muhammadiyah 36 Jakarta\nJl. Tebet Timur II No.35. Tebet Jakarta Selatan, Jakarta Selatan\n\nInformasi Penerimaan Peserta Didik Baru (PPDB) tahun pelajaran 2020/2021\nSMP Muh 36 : 021 829 5772, 0818144521\n#smpmuhammadiyah36\n#smpberkemajuan\n#M36a\n#smp https://t.co/2GTe5f31YM'
Netral;2019;''Besok, 19 Juni 2019, PPDB Madrasah DKI Jakarta Diumumkan - https://t.co/eyPa4pkeL3'
Netral;2019;''Kamu Punya Prestasi, Simak Cara Mendaftar PPDB 2019 DKI Jakarta Jalur Prestasi! - https://t.co/r3Ic7aE9wo'
Netral;2019;''Kamu Punya Prestasi, Simak Cara Mendaftar PPDB 2019 DKI Jakarta Jalur Prestasi! - https://t.co/r3Ic7aE9wo'
Netral;2019;''Ini Syarat Lengkap PPDB Online Jenjang SMP dan SMA 2019 di DKI Jakarta - https://t.co/eco06NU1ku'
Netral;2019;''Besok, 19 Juni 2019, PPDB Madrasah DKI Jakarta Diumumkan - https://t.co/eyPa4pkeL3'
Netral;2019;''------------------------\nM36a\nSMP Muhammadiyah 36 Jakarta\nJl. Tebet Timur II No.35. Tebet Jakarta Selatan, Jakarta Selatan\n\nInformasi Penerimaan Peserta Didik Baru (PPDB) tahun pelajaran 2019/2020.\n\nSMP Muh 36 : 021 829 5772, 0818144521 https://t.co/MAve4vy9Xh'
Netral;2019;'Pendaftaran PPDB Online SD PROV DKI Jakarta2020/2021 https://t.co/HU5a4KFAbU'
Netral;2019;''Simak Ketentuan dan Jadwal Jalur Zonasi PPDB SMA 2019 DKI Jakarta - https://t.co/kJ994KIstB'
Netral;2019;''Hasil PPDB Madrasah (MAN) DKI Jakarta Diumumkan, Cek di Sini! - https://t.co/0LducjM5Fw'
Netral;2019;''PPDB SMK SANTA THERESIA JAKARTA\nhttps://t.co/IMSWhn2jxQ https://t.co/FT1yGhmKdA'
Netral;2019;'Passing Grade  Hasil PPDB SMP DKI Jakarta th 2019 https://t.co/3zxYfOlOMU'
Netral;2019;''SMA dengan Jurusan Bahasa di PPDB DKI Jakarta https://t.co/1uuqZBWm27 via @youthmanual @achoels'
Netral;2019;''Kamu Punya Prestasi, Simak Cara Mendaftar PPDB 2019 DKI Jakarta Jalur Prestasi! - https://t.co/QoeUWPe2pm'
Netral;2019;''Hasil PPDB Madrasah (MAN) DKI Jakarta Diumumkan, Cek di Sini! - https://t.co/0LducjM5Fw'
Netral;2019;''@null Mendikbud: Jakarta Penuhi Syarat Terapkan PPDB Zonasi Penuh Mendikbud Muhadjir E  https://t.co/qJMilBfqLZ'
Netral;2019;''@null Mendikbud: Jakarta Penuhi Syarat Terapkan PPDB Zonasi Penuh Mendikbud Muhadjir E  https://t.co/3U92WiYUaz'
Netral;2019;''SMK JAKARTA PUSAT 1 PPDB 2020 https://t.co/Ba9MonqcHY NYIMAS'
Netral;2019;''Pengumuman Hasil PPDB Madrasah (MAN) DKI Jakarta Dilakukan Hari Ini - https://t.co/a1B1Xq8fsI https://t.co/QuGaofbShG https://t.co/wa2iZkKDU7'
Positif;2019;'Ppdb DKI Jakarta tahun 2019 sudah berakhir. Selamat bagi yg diterima di sekolah2 negri. Bagi yg belum diterima, jangan putus asa, ini bukan akhir dr segalanya.\nSeperti biasa mimin akan hibernasi sampai menjelang ppdb 2020 thn depan. Sekali lg selamat dan semangat!!!! '
Positif;2019;''Alasan Penulis Status Tak Usah Pajang Foto Presiden karena Kagum PPDB DKI https://t.co/s0aKmmfh35 lewat @Tribun_Jakarta'
Positif;2019;"''@thedufresne Setuju!\n\nKemarin sudah coba untuk advokasi kebijakan PPDB, alhamdulilah untuk Jakarta ga ada kasus serupa daerah lain. Kemudian mulai coba diskusi bareng buat perbaikan PAUD.\n\nTerkait konstruksi, benar kalau Disdik belum paham betul ttg konstruksi dan desain yang ""ramah anak"". ^^'"
Positif;2019;''Semoga @Kemdikbud_RI bisa mengevaluasi tahun depan aturan ppdb, misalnya jadikan jakarta sebagai percontohan beberapa tahun kalau sukses baru terapkan di daerah lain, kalau gak ada evaluasi mohon @jokowi copot saja mendikbudnya'
Positif;2019;''@Kunto_Drummer @aniesbaswedan Yg pasti di Jakarta yg dipimpin pak @aniesbaswedan penerimaan siswa baru alias PPDB nggak ribet nggak pake antri dr jam 3 pagi, syarat daftar sekolah pake nilai UN bukan pake meteran. Kami para wali murid mengucapkan TERIMA KASIH PAK ANIES....'
Positif;2019;''Sistem PPDB DKI Jakarta sudah cukup bijaksana dan cukup akomodatif dalam menyalurkan aspirasi warganya untuk mendapatkan pendidikan yang adil, layak dan memperhatikan keseimbangan lingkungan kota dan penduduk. https://t.co/VO7mGxcFIW'
Positif;2019;'@NitaSellya Dibantuin sama mimin @ppdbdki dg fast respon dimasa2 hr terakhir ppdb jakarta non dki.Berarti bgt jasa informasinya dimasa2 genting ppdb gini. Aku sbg ibu yg H2C jd sgt terbantu. Didoain berkah, murah rejeki. Klo blm ketemu jodoh,dipertemukan yg terbaik.Terima kasihbanyak min.'
Positif;2019;''Berlangsung Lancar, PPDB Jakarta yang Digagas Anies Bisa Jadi Rujukan | SwaMedium https://t.co/MbyxEL8It6'
Positif;2019;''Berlangsung Lancar, PPDB Jakarta yang Digagas Anies Bisa Jadi Rujukan | SwaMedium https://t.co/e4iS0mhJXS'
Positif;2019;'Opini saya sejak 2 tahun lalu hingga kini, PPDB Jakarta cukup Fair dan Transparan..'
Positif;2019;''Berlangsung Lancar, Fahira Idris: PPDB Jakarta Bisa Jadi Rujukan Kota Lain - https://t.co/RFHtoOVons'
Positif;2019;''Berlangsung Lancar, PPDB Jakarta Bisa Jadi Rujukan Kota Lain\nhttps://t.co/Sj2ODhqj9Z'
Positif;2019;''Lancar, PPDB Jakarta Bisa Jadi Rujukan Kota Lain - https://t.co/A6aOKv2zXc https://t.co/ffzU3R8DN9'
Positif;2019;''Berlangsung Lancar, PPDB Jakarta Bisa Jadi Rujukan Kota Lain https://t.co/Tw23zxYgEe'
Positif;2019;''Berlangsung Lancar, PPDB Jakarta Bisa Jadi Rujukan Kota Lain https://t.co/KmwMUR5v9O'
Positif;2019;''PPDB Jakarta Dinilai Bisa Jadi Rujukan, baca @republikaonline\nhttps://t.co/dlbULhvtCs'
Positif;2019;''Kepala Dinas Pendidikan (Kadisdik) DKI Jakarta, Ratiyono menilai penerapan sistem zonasi sekolah pada Penerimaan Peserta Didik Baru (PPDB) di Jakarta sudah cukup adil. https://t.co/sHogVkvTC1 https://t.co/PLPzdVtmN3'
Positif;2019;''Kadisdik DKI Klaim Penerapan Zonasi PPDB di Jakarta Sangat Adil https://t.co/0x9ZFCwhua https://t.co/1tAA5rz2ka'
Positif;2019;''Kadisdik DKI Klaim Penerapan Zonasi PPDB di Jakarta Sangat Adil https://t.co/rgWGfzXchn'
Positif;2019;''Kadisdik DKI Jakarta menilai penerapan sistem zonasi sekolah pada PPDB di Jakarta sudah cukup adi. https://t.co/fqn4BaNLP2 https://t.co/uyhnk4Hr8t'
Positif;2019;''Kepala Dinas Pendidikan (Kadisdik) DKI Jakarta, Ratiyono menilai penerapan sistem zonasi sekolah pada Penerimaan Peserta Didik Baru (PPDB) di Jakarta sudah cukup adil. https://t.co/EbDKVO7OUA'
Positif;2019;''Berlangsung Lancar, PPDB Jakarta yang Digagas Anies Bisa Jadi Rujukan - https://t.co/PewEw9CWN1 #faktaberitafakta https://t.co/xpTXTWIilT'
Positif;2019;''Meski Mengular, Antrean PPDB di SMA 8 Jakarta Kondusif https://t.co/E2DHl1Om79'
Positif;2019;''Dukung Penerapan Sistem Zonasi PPDB, Wali Murid : Peluang Diterima di Sekolah Unggulan Lebih Besar https://t.co/bb1npp3ItW lewat @Tribun_Jakarta'
Positif;2019;''Heboh ppdb online, tp jakarta masih anteng aja. Untungnya dr tahun 2004 udah online, meski tiap tahun ada perubahan tp semakin baik. Sepertinya daerah lain hrs buat 2 jalur ppdb jg nih, umum &amp zonasi tp nem tetap jd patokannya'
Positif;2019;''@PPDBDKI1 @RianHandrijoko @mendiknas Setuju min. Kami dukung Mimin agar tetap Menyeleksi Pakai Nilai UN.jangan Dengerin Yg kepanasan gara gara Nemnya kecil wkwkw.. Good Job ppdb jakarta!'
Positif;2019;''Pelaksanaan Penerimaan Peserta Didik Baru (PPDB) tahun 2019 di DKI Jakarta berjalan kondusif.\n\nMenurut FSGI Kemendikbud perlu mencontoh Pemprov DKI Jakarta dalam penerapan sistem zonasi dalam PPDB.\n\nBagaimana pengalaman teman-teman yg mengurus #PPDB tahun ini? https://t.co/fmxRxLl0gd'
Positif;2019;''PPDB DKI Jakarta selama ini dianggap baik. Bisa dicontoh https://t.co/ROagtWjO30'
Positif;2019;''Warga apresiasi pelaksanaan PPDB online jalur inklusi di Jakarta.\nhttps://t.co/9K53iTFaYb https://t.co/iQjgW5lIjH'
Positif;2019;''Warga Kelurahan Rawa Badak Selatan, Koja, Jakarta Utara, mengapresiasi jalur inklusi Penerimaan Peserta Didik Baru (PPDB) online bagi calon pelajar tingkat SD hingga SMA atau SMK. https://t.co/5Ht3AqKa1x'
Negatif;2020;''@select1ve maap bos, udah dbl founder, gaada surabaya g merdeka bos hahay sukarno lahir disini\njakarta itu kota apa kelahiran umur si, ppdb aja pake umur niat sekolah kaga WKWKW'
Negatif;2020;''@BudiMario @dewi_darmawati KADISDIK DKI JAKARTA NIH BUAT BLUNDER DAN RAMAI AJA.\nKEMARIN BLUNDER SOAL PPDB, SEKARANG SOAL UJIAN...\nSUKA BANGET YA BUAT BLUNDER..\n\nDIA UDAH GA BISA TIDUR NYENYAK NIH... UDAH VIRAL GINI...\n\nPERLU DITELUSURI APA MAKSUD DARI SOAL UJIAN TERSEBUT...'
Negatif;2020;''@schfess fix nder lu kalo ikut ppdb jakarta tahun ini kepental mulu'
Negatif;2020;'@Uki23 Ini akibatnya kalau ga Bener kerja, yg patung di masker in lah, yg atap rumah warga fly over tapal kuda di cat, atau ganjil genap motor diberlakukan, PPDB  jakarta menggunakan umur sebagai acuan'
Negatif;2020;''Gubernur Anies Baswedan dan Disdik DKI Jakarta digugat ke PTUN DKI soal PPDB 2020. PPDB 2020 DKI dengan seleksi usia disebut melanggar aturan Kemendikbud. #AniesBaswedan #PPDB https://t.co/xOwcoQB0Sj'
Negatif;2020;''Para orang tua murid memasukkan gugatan kepada Pemprov DKI Jakarta ke PTUN Jakarta karena menerapkan syarat yang diskriminatif dalam PPDB online sehingga merugikan keberlangsungan pendidikan bermutu bagi siswa murid. (Joi)\n#ElshintaEdisiSiang https://t.co/9HqhrFcdue'
Negatif;2020;"''@jubidotcom Sosialisasi yang ""Buruk"" ? #ppdb #permendibud #indonesia #jakarta #pelajar #gubernur #daerah #kota https://t.co/cE23XxWNxX'"
Negatif;2020;"''@bagiwang @sandalista1789 Sosialisasi yang ""Buruk"" ? #ppdb #permendibud #indonesia #jakarta #pelajar #gubernur #daerah #kota https://t.co/cE23XxWNxX'"
Negatif;2020;"''@detikcom Sosialisasi yang ""Buruk"" ? #ppdb #permendibud #indonesia #jakarta #pelajar #gubernur #daerah #kota https://t.co/cE23XxWNxX'"
Negatif;2020;"''@RestyLeseh Sosialisasi yang ""Buruk"" ? #ppdb #permendibud #indonesia #jakarta #pelajar #gubernur #daerah #kota https://t.co/cE23XxWNxX'"
Negatif;2020;"''@RestyLeseh Sosialisasi yang ""Buruk"" ? #ppdb #permendibud #indonesia #jakarta #pelajar #gubernur #daerah #kota https://t.co/cE23XxWNxX'"
Negatif;2020;''@musniumar Gak nonton berita kalo PPDB di DKI Jakarta bermasalah ya ???'
Negatif;2020;''Ada demo lagi ya nis @aniesbaswedan terkait PPDB DKI Jakarta ?? Gimana tuh solusinya nis ?? Jangan dokem bae ente..!'
Negatif;2020;''Sadar atau tidak pelaksanaan penerimaan peserta didik baru (PPDB) meninggalkan persoalan baru di Jakarta. \n\nSaya menerima laporan ada ratusan siswa yang hingga saat ini belum terdaftar di sekolah mana pun dan terancam putus sekolah. https://t.co/z1w7VpzA1Y'
Negatif;2020;''Pelajar peraih ratusan penghargaan Aristawidya Maheswari (15) memperoleh tawaran melanjutkan pendidikan SMA di sejumlah sekolah swasta di Jakarta usai gagal lolos seleksi negeri. kok bisa?\n\n#PPDB #Jakarta\nhttps://t.co/KikuV4a2je'
Negatif;2020;''Kritik Anies Soal PPDB dan Reklamasi, Presidium Barometer Jakarta Gelar Aksi Demonstrasi https://t.co/7rJBJnzCvW https://t.co/CkbLbqNuK5'
Negatif;2020;''Komisi Perlindungan Anak Indonesia (KPAI) menyebut ada 106 siswa yang tak lolos Penerimaan Peserta Didik Baru (PPDB) DKI Jakarta 2020 yang belakangan menjadi kisruh karena syarat usia.\n\nBaca selengkapnya di https://t.co/2sy4ld1Moq\n\n#pasticorrecto #ppdb #jakarta #siswa #kpaihttps://t.co/C8kKS5Mk4s'
Negatif;2020;''Kids, belum lama ini, heboh dengan berita seorang siswi bernama Aristawdya Maheswari, siswi umur 15 tahun, yang berhasil mememiliki 700 piala perhargaan, namun gagal diterima di SMA Negeri di Jakarta, pada seleksi Penerimaan Peserta Didik Baru atau PPDB. https://t.co/LpkzVJhoszhttps://t.co/EwGBwyuRJB'
Negatif;2020;''PPDB Zonasi 2020 Dihujani Kritik, Kini Ribuan Kursi Kosong di Sekolah Jakarta Tak Terisi https://t.co/mnCon3HxdB'
Negatif;2020;''Seharusnya sblm menerapkan sistem PPDB Zonasi Diknas DKI hrs memperhitungkan atau mensosialisasikan lbh dulu sistem ini, emg enak skrg akhirnya byk kursi kosong.. \nJgn smp nanti kursi kosong diperjual belikan loh ya apalg utk sklh2 favorit di Jakarta.\n\nhttps://t.co/89T1TBEAaF'
Negatif;2020;'LSM GMBI Dki Jakarta Menuntut Kepada Gubernur Dki Jakarta Agar PPDB Segera DiCabut https://t.co/zkDWOanUS9'
Negatif;2020;'@saykoji @Kemdikbud_RI Swasta mana mungkin bisa dicampuri bang, makanya wali murid sy rebutan cari sekolah negeri saat ppdb jakarta kemarin krn gratis spp dll, termasuk buku yg dipinjamkan. Malah byk yg dari sekolah swasta pindah ke negeri jg demi gratis. Tapi ya itu seleksi kacau'
Negatif;2020;''@ttraashhhhh @sethrash666 Emang yang perlu dikritisi skrg itu sistem ppdb yang makin kacau ditambah pula model zonasi yang gak jelas, lebih parah di Jakarta pakai sistem umur. Semua sekolah belum bs disamakan semua, kasian anak2 yang emg pinter dan hrs sekolah yang ga mendukung. Halo @Itjen_Kemdikbud'
Negatif;2020;''Mulai kebijakan normalisasi sungai di jakarta, formula B di monas yg mengorbankan pohon2 mahoni, penanganan covid19 dan bantuan utk para korban dampak pandemi yg ambur adul, masalah PPDB yg akhirnya mengorbankan anak2 berprestasi menunjukkan ketidakmampuanmu anies baswedan !!'
Negatif;2020;'sebenernya aku orangnya ga dendam atau klo nyesel/kecewa ga lama, cuma kadang masih kecewa sama ppdb zonasi pake umur krn aku msh 14, okt nnt baru 15, harapan cuma di japres tp rata anak negri kalah sama swasta. sejak masuk smp aku udh netapin mau masuk sman 81 jakarta,sekolah'
Negatif;2020;'@rockykerung @armawaras @yunartowijaya Ga habis pikir emang. Gw kenal 2org model bgini, emak2 yg misuh2 anaknya ga keterima di sekolah negeri gara2 aturan ppdb di jakarta. Tau ga yg disalahin siapa? Mendikbud....'
Negatif;2020;@keteknyawonpil iyaa bapak aku kan dipindah kerjanya ke sana dari januari lalu, karena aku dsah males ikut ppdb jakarta jadi aku ikut ke ambon aja huhu'
Negatif;2020;''gw kan liat ppdb jakarta, ada yg paling muda nya 15 th 3 bulan (kalo ga salah), ini gw yg 15 tahun masih lama nyoba di jakarta gimana anjir. Auto swasta'
Negatif;2020;@duhvii Gatau capek bgt sama ppdb jakarta'
Negatif;2020;''Gubernur Covid konpres mulu..PPDB JAKARTA MINGKEM...KAN TAI!!! https://t.co/ZJWzWdSKwf'
Negatif;2020;''Kadis pendidikan Dki Jakarta,membuat kebijakan PPDB dengan batas usia,Akibatnya para orang tua tambah pusinggggggggggggg mencari duit untuk daftar anak di sekolah SWASTA\nKonyollllllllllllllll........ https://t.co/5gW1FyBIla'
Negatif;2020;'@PPDBDKI1 Apa rencana pemerintah DKI Jakarta untuk anak yg gagal diterima PPDB? Kalau ortunya tak sanggup daftarkan ke sekolah swasta krn mihil, gmn?'
Negatif;2020;''Smoga ada org yg mau membiayai unt melanjutkan skolah ya dek.....\n\nTak Lolos PPDB Jakarta, Pelajar Peraih Ratusan Penghargaan Akhirnya Putus Sekolah - https://t.co/FM24mnaDx4 https://t.co/yx7LS6R9np'
Negatif;2020;''Kenapa ya DPRD Dki Jakarta diam seribu bahasa ketika orang tua siswa merasa dirugikan/disusahkan dengan aturan Usia dalam PPDB di Dki Jakarta Oleh kepala dinas pendidikan,\n\nANEHH\nKatanya perwakilan rakyat,\n waktu kampanye bro ,ngaku- ngaku berjuang untuk rakyat,\nKacian deh,,'
Netral;2020;''#ppdb #homeschooling #paketa #paketb #paketc @ Jakarta, Indonesia https://t.co/h9Li1AcP4z'
Netral;2020;''Tahun Pelajaran baru sudah dimulai. Walaupun harus sekolah online, adik-adik tetap semangat untuk belajar, ya!\n\nKita kilas balik yuk, apa saja jalur PPDB yang disiapkan Pemprov DKI? Dan kenapa sih ada banyak jalur?\n\n#jagajakarta #DisdikDKI #PPDBJakarta\nhttps://t.co/9CvgS2sRhi'
Netral;2020;''Mau ngga mau kudu baca2 web nya ppdb jakarta...just in case... https://t.co/BgqqNVSFw5'
Netral;2020;''Sejarah mencatat PPDB DKI Jakarta https://t.co/bSvQEFGTAp'
Netral;2020;''Kisruh Penerimaan Peserta Didik Baru (PPDB) 2020 di DKI Jakarta hingga saat ini masih menjadi perbincangan.\n#KAMUHARUSTAU \n#PPDB\n#ppdbdki2020 \n\nhttps://t.co/JPBJMSN80r'
Netral;2020;''Anies Baswedan minta kajian penyaluran bantuan bagi seluruh siswa yang gagal dalam PPDB 2020. #KoranTempo #Jakarta\nhttps://t.co/bhCrY2LATK'
Netral;2020;''Pelaksanaan Sosperda No 2 Tahun 2016 tentang Kepemudaan oleh Ketua Fraksi NasDem DPRD DKI Jakarta, Wibi Andrino\n\nPada kesempatan ini @wibiandrino menyerap banyak aspirasi, seperti masalah kesehatan, PPDB DKI, hingga pelatihan UMKM online\n\n@DPWNasDemJKT @NasDem \n\n#FraksiNasDemJKT https://t.co/4GhrvEFfIj'
Netral;2020;''Dinas Pendidikan DKI Jakarta menanggapi kabar soal adanya siswa berprestasi bernama Aristawidya Maheswari. Gadis yang kerap disapa Arista itu gagal lolos PPDB DKI meskipun memiliki banyak prestasi. #PPDB #PPDBDKI https://t.co/eMansno8k4'
Netral;2020;''Tahun ajaran baru 2020/2021 sudah dimulai. Namun, setidaknya ada 7.798 kursi dalam kuota Penerimaan Peserta Didik Baru (PPDB) DKI Jakarta Tahun 2020 yang kosong. #PPDB #PPDBDKI https://t.co/SSpGDe3DRd'
Netral;2020;''Terdapat 106 nama yang mengadukan nasibnya ke KPAI karena gagal lolos PPDB DKI. Daftar 106 itu telah diserahkan ke Disdik DKI Jakarta untuk ditindaklanjuti. #PPDB #PPDBDKI https://t.co/BhbDIgnNLj'
Netral;2020;''PPDB Jakarta resmi berakhir. Tahun ini, PPDB Jakarta menambah syarat usia untuk peserta didik. #kumparanNEWS https://t.co/nPpZtwbGwn'
Netral;2020;''PPDB DKI Jakarta 2020 Selesai, Ribuan Kursi Masih Kosong https://t.co/hvi02lrzxy'
Netral;2020;''Kursi kosong Sekolah Negeri usai PPDB Jakarta paling banyak terdapat pada jenjang Sekolah Dasar (SD), yakni 6,71 persen atau 6.666 kursi. #kumparanNEWS https://t.co/p2HVAQVRI1'
Netral;2020;''Dinas Pendidikan DKI Jakarta sebut ada kursi tersisa usai PPDB 2020 https://t.co/L55jEDEh6b https://t.co/wk1TtxBOON'
Netral;2020;''PPDB Jakarta 2020/2021 sisakan 7.758 kursi kosong\nhttps://t.co/HFTsCFgban https://t.co/lUnVOgOtjs'
Netral;2020;''PPDB Berakhir, Masih ada 7.758 Kursi Kosong di Jakarta. Penyebab adanya kursi kosong pada penutupan PPDB zonasi adalah sekolah berlokasi di dekat pusat perkantoran atau di Kepulauan Seribu.  https://t.co/qD0pwLK3UY'
Netral;2020;''[ PPDB 2020 DKI JAKARTA POLEMIK PERSYARATAN USIA DALAM PBB ]\n\nHalo sahabat FEMA!\n\nPelaksanaan PPDB di DKI Jakarta tahun ini, terdapat perbedaan yaitu penggunaan usia sebagai salah satu faktor pertimbangan dalam penerimaan calon peserta didik baru. https://t.co/F1gdwYA4Eh'
Netral;2020;''SDN Srengseng 5 Pagi, Kembangan, Jakarta Barat mengadakan sosialisasi Pembelajaran Jarak Jauh (PJJ) bagi para wali murid. https://t.co/RvxzgBKMzo #ppdb #pendaftaranppdb #antreanppdb'
Netral;2020;''ILUNI UI kembali mengadakan berbagai webinar di antaranya pro-kontra kebijakan PPDB DKI Jakarta dan webinar seputar inovasi koperasi. Policy Center ILUNI UI juga kembali mengadakan diskusi yg diunggah ke Spotify dan Youtube ILUNI UI, serta diskusi dgn para aktivis Alumni UI. https://t.co/kSh8xmBgc8'
Netral;2020;''@ikramarki ikut ppdb jakarta bang'
Positif;2020;''@historydino Gue tadinya mau ipa tpi gara2 kelempar mulu jadi terpaksa milih ips\n\nTadinya mau linjur sih ternyata IPS enak juga xixixixix makasih PPDB Jakarta'
Positif;2020;''Sistem Penerimaan Peserta Didik Baru (PPDB) rupanya menyisakan kisah haru, Bunda. Seorang putri sopir angkot berhasil lolos SMA favorit di Jakarta. https://t.co/aMdGtrmZ2y'
Positif;2020;''Cerita PPDB 2020 di #Jakarta. \nCalon siswa dari keluarga miskin bisa masuk sekolah #favorit. Inilah semangat pendidikan #tuntas #berkualitas di ibukota #Indonesia. #pendidikan #jakartakolaborasi @dkijakarta @Disdik_DKI \n\nhttps://t.co/FEDzZp6aVg https://t.co/7RodqYnQW4'
Positif;2020;''#News: Ketua Komisi E Apresiasi Bantuan untuk Siswa Tak Lolos PPDB  https://t.co/sziHA5qW2i | Berita Jakarta'
Positif;2020;''Beruntung yaaa warga Jakarta punya Gubernur yg sangat peduli..\n\nSelain Uang Pangkal, Pemprov DKI Akan Bantu SPP Siswa Gagal PPDB yang Masuk Sekolah Swasta https://t.co/mBtkIDEVTH'
Positif;2020;''Walaupun proses PPDB di DKI Jakarta menuai polemik, tapi Ketua Komisi E DPRD DKI Jakarta menilai keseluruhan proses sudah baik. #KAMUHARUSTAU\n\nhttps://t.co/XxKxiaFnWm'
Positif;2020;''tvOneNews (@tvOneNews) menge-Tweet: Pengamat pendidikan menyebutkan jika pelaksanaan PPDB Zonasi di DKI Jakarta justru memberikan rasa keadilan bagi masyarakat menengah ke bawah. #CariBeritaditvOne #diRumahNontontvOne #PPDBDKI https://t.co/nzb2qCXdyn (https://t.co/UkzpD09A8x)'
Positif;2020;''Alhamdulillah, masuk PPDB jakarta bun.. https://t.co/9OOvOvcsU1'
Positif;2020;''Pengurus dan kader PSI dirikan Posko untuk bantu warga yang kesulitan daftarkan anaknya dalam program Penerimaan Peserta Didik Baru (PPDB). Semoga keruwetan penerimaan siswa baru di Jakarta segera teratasi. https://t.co/yGR3JEZuSX'
Positif;2020;''Pengamat pendidikan menyebutkan jika pelaksanaan PPDB Zonasi di DKI Jakarta justru memberikan rasa keadilan bagi masyarakat menengah ke bawah. #CariBeritaditvOne #diRumahNontontvOne #PPDBDKI https://t.co/PnDLKlwlCr'
Positif;2020;''Ada kabar baik dari Kemendikbud soal PPDB DKI Jakarta. Semoga menyelesaikan kekisruhan. #Kemendikbud https://t.co/8YngE4YIah'
Negatif;2021;@GL0WINGSUNSETS pokonya udh lo di osis atau ekskul jabatannya apa, langsung ajuin aja biar dapet poin. tp gue entah gatau bandung gmn, krna tiap daerah beda sistem ppdb prestasinya, cuma jakarta emg jelek bet anjr '
Negatif;2021;"""@aqueelogy Aaaa queela kerenn ! \nAku juga seangkatan sama kamu , JAKARTA PPDB NYA MAKE UMUR MAU NANGIS  umur aku masi 14 malah saat itu..... Udh pasrah bgt gabisa masuk SMA  jdi aku SMK xixixi , tpi i'll do my best"""
Negatif;2021;'Ppdb jakarta makan gaji buta gajelas peraturannya. Kasian anak2 '
Negatif;2021;''Ppdb jakarta tolong pecat pegawai pegawai yg gabisa kerja. Kebijakan2 yg gamasuk akal!!!! makin edan aja peraturannya sekola ya pake nilai bukan umur'
Negatif;2021;''Ppdb jakarta gajelas'
Negatif;2021;''@jexatommo oalah, luar jakarta itu offline ya. kalo di jkt dari 2011 udh ppdb online, lupa sejak kapan mulai online. dan dari dulu sampe sekarang pasti ada aja problem di servernya. heran saya, gak berubah padahal udh bertahun tahun'
Negatif;2021;''Kasihan banget liat ibu2 yg pasrah nunggu sisa kursi sekolah.....bener2 ppdb yg menguras emosiiiii #PPDBJakarta #ppdb2021'
Negatif;2021;''ppdb jakarta sekarang kacau banget sistem prestasi pake umur&amppersentil, sistem zonasi pake umur. udah deh yg umur muda tapi pinter kalah sama yg umurnya lebih lebih lebih-_- https://t.co/cDGGsZ5uI1'
Negatif;2021;''ppdb jakarta ngaretnya kelebihan ih sia sia gua bangun pagi AAAABBHHJIIIINNGGG https://t.co/9jgHSeWlPK'
Negatif;2021;''PPDB JAKARTA KENAPA SISTEMNYA NGESELIN DAH'
Negatif;2021;''nie ppdb jakarta gmn sii, gua mau daftarin sepupu gua biar cepet malah kaga bisa milih skolah'
Negatif;2021;'INI GIMANA PPDB JAKARTA MASA GA ADA PILIHAN SEKOLAH NYA?'
Negatif;2021;''ppdb jakarta stress anjg'
Negatif;2021;"''@dihatitaehyung @PPDBDKI1 iya ngaco bgt ppdb jakarta masa iya 20 thn baru mau masuk sma , jdnya yg kecil"" pada swasta sedih bgt'"
Negatif;2021;"'sdh 2 thn ini ppdb dki bermasalah. pendidikan berkualitas ato umur yg berkualitas? tdk semua keluarga di jakarta mampu utk sekolah swasta. pilihan ""gap year"" malah timbulkan gunung es ke depannya. tolong bapak/ibu yg terhormat, dipertimbangkan ulang'"
Negatif;2021;''ada yg org jakarta ga? LO GA KESEL APA SAMA PPDB ZONASIII??!!! 20tahun masi keterima jing.. duhhh klo gni gue gaush mikirin nilai yg penting umur gue tua'
Negatif;2021;@lesgobipu Plss depresot banget sama ppdb jakarta Sistem zonasinya kurang adil...'
Negatif;2021;''Yang tua yg sekolah...\nYg muda hancurrr...\nMenuju #indonesiahancur2030\n.\n #PPDBJakarta\n@kompascom \n@Metro_TV \n@nadiemmakarim \n@Itjen_Kemdikbud \n@jokowi'
Negatif;2021;''jalur umur ini mah bukan jalur zonasi, badut banget ppdb jakarta'
Negatif;2021;''Capek sama sistem PPDB jakarta.'
Negatif;2021;''@0427JAY ga tau nih boong banget emng ppdb jakarta ga jelas'
Negatif;2021;''GIMANASI PPDB JAKARTA KATAMYA ZONASI KOK PAKE UMUR ??? ANEH'
Negatif;2021;''rebutan booking vaksin di jakarta bikin sakit perut, berasa ppdb'
Netral;2021;''@schfess kalo di dom jakarta ga pengaruh nder, kemaren aku ppdb yg dipake rapot smstr 1-5 doang'
Netral;2021;''@schfess bisa nder coba search ppdb 2021 aja ntar juga muncul, kalo masalah nilai yang murni di ppdb jakarta bidang prestasi kurang tp sekedar info doang, yang kuat itu kalo ada nilai dr lomba lomba/pengurus ekskul'
Netral;2021;''@karruboo lombanyaa kira2 kapann?? soalya kl ppdb jakarta kl gasalaa lombanya maksimal 6 bulan sebelum pendaftaran ppdb gituu'
Netral;2021;''@schfess kalo kamu di daerah jakarta pake zona zona doang nder (yang ppdb kemaren) dan kalopun jarak ke sekolah 900m bisa gamasuk zona utamanya gitu, tapi kalo bukan di jakarta kurang tau deh'
Netral;2021;Sudah siap mengikuti Tes Seleksi PPDB Madrasah Istiqlal Jakarta T.P 2022/2023?\n\n____\nJangan sampai terlewat ya!        Sabtu, 11 Desember 2021  https://t.co/83Ym1Da6zq'
Netral;2021;''Presentasi PPDB di SMP N 82 JAKARTA. \n@smpn82.jkt\nhttps://t.co/369W1UqPUg'
Netral;2021;''Presentasi PPDB di SMP N 82 JAKARTA. \n@smpn82.jkt\nhttps://t.co/lypEhn9Jib'
Netral;2021;''Hari ini kita Tim PPDB Tahun Pelajaran 2022/2023 berkunjung ke SMP N 82 JAKARTA.\n@smpn82.jkt\nhttps://t.co/O90SuNxhuO'
Netral;2021;'@ezgisuyahayatol\n#sma #smp #smk  Indonesia #sekolah #masasma #smahits #lfl #sbmptn #pelajar #kuliah #mahasiswa #pendidikan #ppdb #dirumahaja #like #viral #tiktok #selebgram #utbk #anakhits #belajar #sman #bimbel #jakarta #anaksma #universitas #kampus #bhfyp\n#ezgisuyahayatolal1m https://t.co/gzbj6y2VgI'
Netral;2021;''@ezgisuyahayatol\n#sma #smp #smk #sd # Indonesia #sekolah #masasma #smahits #lfl #sbmptn #pelajar #kuliah #mahasiswa #pendidikan #ppdb #dirumahaja #like #viral #tiktok #selebgram #utbk #anakhits #belajar #sman #bimbel #jakarta #anaksma #universitas #kampus #bhfyp\n#ezgisu https://t.co/rWn2VSJnpg'
Netral;2021;''@memethmeong Kemaren dah ngecek PPDB Jakarta, SD negeri inceran dia paling kecil masuk usia 6 tahun 9 bulan. Mudah2-an nanti nadim lolos deh di SMP/SMA Negri, karena mirip kamu mba Meth, pengen SD swasta, SMP-SMA nya Negeri'
Netral;2021;'@07SF_ @schfess Kan kita pasti dapet apa ya, semacem sertif pengurus OSIS ya, nah itu sama sekolah dilampirin gituu jadi kayak dapet nilai plus , btw ini aku PPDB Jakarta'
Netral;2021;''@twertelan yahhh krn ppdb jdi gabisa ya, lo emg di jakarta mana deh'
Netral;2021;''PPDB Bersama SMA DKI Jakarta Dimulai, Inilah Daftar 89 SMA Swasta yang Terlibat Beserta Kuotanya - https://t.co/vzeKSVVjst'
Netral;2021;''PPDB Bersama SMA DKI Jakarta Dimulai, Inilah Daftar 89 SMA Swasta yang Terlibat Beserta Kuotanya - https://t.co/vzeKSVVjst'
Netral;2021;''PPDB Bersama SMA DKI Jakarta Dimulai, Inilah Daftar 89 SMA Swasta yang Terlibat Beserta Kuotanya - https://t.co/vzeKSVVjst'
Netral;2021;''PPDB Bersama SMA DKI Jakarta Dimulai, Inilah Daftar 89 SMA Swasta yang Terlibat Beserta Kuotanya - https://t.co/vzeKSVVjst'
Netral;2021;''PPDB Bersama SMA DKI Jakarta Dimulai, Inilah Daftar 89 SMA Swasta yang Terlibat Beserta Kuotanya - https://t.co/vzeKSVVjst'
Netral;2021;''PPDB Bersama SMA DKI Jakarta Dimulai, Inilah Daftar 89 SMA Swasta yang Terlibat Beserta Kuotanya - https://t.co/vzeKSVVjst'
Netral;2021;''PPDB Bersama SMA DKI Jakarta Dimulai, Inilah Daftar 89 SMA Swasta yang Terlibat Beserta Kuotanya - https://t.co/vzeKSVVjst'
Netral;2021;''PPDB Bersama SMA DKI Jakarta Dimulai, Inilah Daftar 89 SMA Swasta yang Terlibat Beserta Kuotanya - https://t.co/vzeKSVVjst'
Netral;2021;''PPDB Bersama SMA DKI Jakarta Dimulai, Inilah Daftar 89 SMA Swasta yang Terlibat Beserta Kuotanya - https://t.co/vzeKSVVjst'
Netral;2021;''PPDB Bersama SMA DKI Jakarta Dimulai, Inilah Daftar 89 SMA Swasta yang Terlibat Beserta Kuotanya - https://t.co/vzeKSVVjst'
Netral;2021;''PPDB Bersama SMA DKI Jakarta Dimulai, Inilah Daftar 89 SMA Swasta yang Terlibat Beserta Kuotanya - https://t.co/vzeKSVVjst'
Netral;2021;''smk! mau tanya misal aku dari jakarta timur mau ppdb di jakarta selatan itu bisa ga?'
Netral;2021;''gue mau nanya deh misal dari jakarta timur mau ppdb sma di jakarta selatan itu bisa ga?'
Netral;2021;''PPDB Bersama SMA DKI Jakarta Dimulai, Inilah Daftar 89 SMA Swasta yang Terlibat Beserta Kuotanya - https://t.co/vzeKSVVjst'
Netral;2021;''PPDB Bersama SMA DKI Jakarta Dimulai, Inilah Daftar 89 SMA Swasta yang Terlibat Beserta Kuotanya - https://t.co/vzeKSVVjst'
Netral;2021;''PPDB Bersama SMA DKI Jakarta Dimulai, Inilah Daftar 89 SMA Swasta yang Terlibat Beserta Kuotanya - https://t.co/vzeKSVVjst'
Netral;2021;''PPDB Bersama SMA DKI Jakarta Dimulai, Inilah Daftar 89 SMA Swasta yang Terlibat Beserta Kuotanya - https://t.co/vzeKSVVjst'
Netral;2021;''SD Kartika Jaya X-7 Jakarta dengan kepala sekolah Pak Pamuji sukses menjadi yang terbaik di DKI Jakarta. Apa tips beliau untuk guru, anak dan orang tua untuk belajar dan PPDB di masa pandemi? Yuk kita kepoin guys!https://t.co/3iTVORBPbI'
Netral;2021;@jeongsshn btw itu aku ppdb Jakarta ya  cba tanya ppdb kotamu aja'
Netral;2021;''Catat Baik-baik, Begini Alur dan Tempat PPDB SD-SMA Jalur Zonasi di Jakarta - https://t.co/wiNmzkpmW1'
Netral;2021;''Adik gw tahun ini lulus SMP dan mau lanjut ke SMA. Ikutlah PPDB DKI Jakarta. BEUH YA AMPUN DEG-DEGAN'
Netral;2021;''Dibuka Sampai Besok, Ini Tata Cara Pendaftaran PPDB Bersama Sekolah Negeri dan Swasta di Jakarta\n\n #Sindonews #BukanBeritaBiasa .https://t.co/1n9ZEB558H'
Netral;2021;''Ombudsman Perwakilan Jakarta Raya menemukan beberapa dugaan malaadministrasi pada PPDB tingkat SMA/SMK di Bodebek. https://t.co/r9w3Q4YDyz'
Positif;2021;''@OposisiCerdas DKI itu paling bagus, PPKM masih bisa salurkan bansos 1 juta per KK utk yg berhak, program vaksin sdh 100%, belajar tatap muka sudah, PPDB lancar, Dead rate covid dulu tertinggi skrg jd turun, Jakarta pintar, Jakarta linko, warga daerah lain aja iri dgn DKI,'
Positif;2021;''@schfess + kemarin di ppdb jakarta, osis juga penting. Apalagi kalo jabatan osisnya tinggi, lumayan bgt tambahan nilainya'
Positif;2021;''@subschfess Ppdb 2021 dan Alhamdulillah nya di 2021 ini aku bisa keterima di salah satu sma negeri di Jakarta pusat, jadi poin utamanya \n-klo kalian yang angkatan SMP 21 mau ikut ppdb SMA lagi tahun 22 alias gapyear bisa langsung ikut aja tanpa harus Dateng ke mana2'
Positif;2021;''KPAI: PPDB DKI Jakarta Libatkan Sekolah Swasta, Patut Ditiru - https://t.co/We5oK0Po5l'
Positif;2021;''Kemarin sore saya mengunjungi posko PPDB (Penerimaan Peserta Didik Baru) di sekolah SMAN 8 Jakarta. Penerimaan siswa berjalan lancar, tapi ada beberapa catatan aspirasi yang saya terima, dan nanti akan saya tindak lanjut ke dinas terkait. https://t.co/xL6MS6oghb'
Positif;2021;''Ppdb jakarta bagus jg bisa kepantau gitu calon peserta didiknya, gua yg kudet apa emg ini sistem baru(?)'
Positif;2021;semangat buat podb jakarta ,seminggu kemaren ngurusin ppdb ga bisa tidur alhamdulillah udh selesai'
Positif;2021;@PPDBDKI1 Hebat posko ppdb Jakarta professional &amp sangat melayani masyarakat, sungguh salut...ingin segera pindah ke Jakarta, tp klo pindah skr, tahun depan kknya blm genap setahun takut bingung daftar skolah @aniesbaswedan @DKIJakarta  https://t.co/YUYRjl0g54'
Positif;2021;''Ppdb jakarta ternyata ada yg bagus juga.'
Positif;2021;''Siang #SahabatMilly, saya saat ini sedang mengecek bagaimana jalannya PPDB 2021 yang sedang berlangsung di SMAN 78, Kemanggisan Jakarta Barat. semua proses memang lebih teratur dibanding tahun lalu, namun ada beberapa catatan yg dpt dioptimalkan kedepannya \n#SisMillyBersamaRakyat https://t.co/FcqNp2tD5S'
Positif;2021;'Pemerintah DKI Jakarta menggandeng 89 sekolah swasta untuk menambah daya tampung bagi calon siswa dari jalur afirmasi dalam penerimaan peserta didik baru (PPDB) tahun ini. Kerja sama ini diutamakan di 168 kelurahan yang tak memiliki sekolah https://t.co/LuPbXWPn6P #KoranTempo'
Positif;2021;"''""Mantap Pak Anies, masalah sudah beres. Tapi akan lebih baik lagi kalau tidak perlu ada masalah sejak hari pertama. Bapak kan dulu juga Menteri kan Pak. Tau kan Pak pendaftaran PPDB seperti apa."" #TheEditors #PPDBJakarta  \n\nhttps://t.co/AprSyZxdnB https://t.co/qBGzzhTr8e'"
Positif;2021;''Mantap Pak Anies, masalah sudah beres. Tapi akan lebih baik lagi kalau tidak perlu ada masalah sejak hari pertama. Bapak kan dulu juga Menteri kan Pak. Tau kan Pak pendaftaran PPDB seperti apa. #TheEditors #PPDBJakarta  \n\nhttps://t.co/AprSyZxdnB https://t.co/MFm8B1lqRe'
Positif;2021;''Mantap Pak Anies, masalah sudah beres. Tapi akan lebih baik lagi kalau tidak perlu ada masalah sejak hari pertama. Bapak kan dulu juga Menteri kan Pak. Tau kan Pak pendaftaran PPDB seperti apa. #TheEditors #PPDBJakarta  \n\nhttps://t.co/AprSyZxdnB https://t.co/jKjY5lkv5a'
Positif;2021;''Wagub DKI: PPDB secara Online di Jakarta Berlangsung Sangat Baik https://t.co/fdlnc3sj9l'
Positif;2021;''PPDB di Jakarta Utara Berjalan Baik https://t.co/IIgWt4w0qk\n@kominfotikJU'
Positif;2021;''Pemerintah Kota Administrasi Jakarta Utara memastikan pelaksanaan Pendaftaran Peserta Didik Baru (PPDB) terkendali. \n\n#PPDBJakarta #ppdb2021 \n\n https://t.co/2xIVb6Rv7v https://t.co/rVWA2Nfv8C'
Positif;2021;''Apresiasi untuk Disdik Prov. DKI Jakarta dlm melayani masyarakat di masa PPDB ini. \n\n#SemogaLancar https://t.co/9qxWvPx4H4'
Positif;2021;'Gubernur DKI JakartaAnies Baswedanmemastikan, dua permasalahan situsPPDBDKI Jakarta Tahun 2021 sudah beres dan tertangani dengan baik. \nhttps://t.co/u42Z76kvgq\n@aniesbaswedan https://t.co/C4oHkvIaN7'
Positif;2021;''@Mdy_Asmara1701 @aniesbaswedan Sudah ada perbaikan .. Kebetulan anak Sy juga ikut PPDB DKI awalnya memang agak bermasalah Program SIDANIRA malah luar biasa GUBERNUR DKI JAKARTA ikut memantau karena dia Mantan MENDIKBUD RI jadi tahu &amp ini hal yg VITAL bagi Bibit SDM di DKI Jakarta ke depan, GERCEP &amp MONITOR ybs'
Positif;2021;Senjata gw saat itu adlh PC Intel Atom dgn memori 1 GB + modem Flash Telkomsel \n\nTahun demi thn berlalu, kesulitan/ketidakcakapan mengakses inet trnyt masih kerap muncul.\n\nUntungnya, bbrp warnet di Jakarta membuka jasa asistensi PPDB. Solidaritas yg bagus '
Positif;2021;'Gubernur DKI Jakarta Anies Baswedan gercep dan memastikan kesulitan dalam pengajuan akun saat PPDB tahun ajaran 2021/2022 sudah bisa teratasi dan sudah bisa diakses. https://t.co/z1ml6xlSc1'
Positif;2021;'Gercep banget nih! \n\nPPDB DKI Jakarta 2021 bermasalah Pak Gubernur @aniesbaswedan turun tangan pastikan proses lancar \n\nBangga gue punya Gubernur seperti beliau. https://t.co/nnXVMM1CnY'
Positif;2021;''Alhamdulillah, kendala yang kemarin sempat muncul dan dirasakan para siswa dan orangtua yang mengikuti PPDB 2021 Jakarta sudah tertangani dengan baik.\n\n@TelkomIndonesia @Disdik_DKI @dukcapiljakarta @JSCLab \n#PPDBJakarta2021\n#JagaJakarta\n#JakartaBangkit\nhttps://t.co/T6QG9cfGFU'
Positif;2021;''Wah selamat ya tipsnya berguna buat daftar #PPDBJakarta semoga bisa istirahat, buat yang lain semoga bermanfaat yaa #PPDBJakarta #ppdbdki #ppdb #ppdbdkijakarta #ppdb2021 https://t.co/5muaRLs825'
Positif;2021;@Disdik_DKI @PPDBDKI1\nterima kasih untuk para staff dan pengurus PPDB DKI Jakarta akhirnya sekian lama bisa daftar japres semoga hal ini tidak terjadi di tahun yang akan datang, dan bisa menjadi pelajaran supaya sistem pendidikan di Indonesia bisa maju yang memiliki SDM unggul'
Positif;2021;''Ombudsman Apresiasi Perbaikan PPDB DKI Jakarta 2021 https://t.co/4mercKYh4z'
Positif;2021;''@yellowraiseu paling enak ppdb jakarta,valid'
Positif;2021;''@kaptenriii dulu aku bener bener taat banget sama perintah allah pas deket deket ppdb Jakarta, setiap hari tahajud, doa, solawat in sekolah yang aku pengen, tapi takdir berkata lain kayaknya allah ngasih aku yang terbaik, aku ketendang SMA mana pun akhirnya daftar SMK, mungkinini yg trbaik'
Positif;2021;''waktu itu misuh misuh sama ppdb jakarta, skrg aku bersyukur bngt, bisa menemukan temen yg support, lebih support diri aku sendiri dripada temen smp, dan yaa skrg aku enjoy bngt sama sklhku skrg, walaupun praktek nya bnyk beut, ya namanya juga smk sih wkwkw'
Positif;2021;''@AJamilah1 @ismailfahmi Pemberkasan untuk sekolah negeri tahun kemarin berdasar pengalaman saya mendaftarkan keponakan saya d SD Negeri kalau d Jakarta sdh bisa online 100%. System ppdb di Jakarta sdh bagus.\nAda jg tahap daftar ulang stlh itu, ini saya tdk tahu prosesnya bgmn,orang tuanya yg mengurus.'
Negatif;2022;''@aniesbaswedan @Disdik_DKI @DKIJakarta @feryfarhati @dinaslhdki Bagus sich, sayang pemerataan pembiayaan pendidikan dari APBN DAN APBD BELUM ADIL, seharusnya semua siswa yg mengajukan diri untuk sekolah lewat PPDB pemprov jakarta, dilayani semua, klo kuota negeri kurang dialihkan ke swasta di subsidi, trus jangan yang punya kjp dan pip doang'
Negatif;2022;Inget gasihhh pas ppdb jg ortu udah DEMO gasih tp pemerintahnya malah ketawa ga peduli kyk beneran pas lg unjuk rasa diketawain dan dibodohin gt di depan para pendemo. Ini demi pelajar loh? Pemerintah emang sejahat itu ya. Kalgasal wkt itu pas demo ke dinas pendidikan jakarta https://t.co/HwOMg2Tm6J'
Negatif;2022;''Kemendikbud. Walaupun angkatan 2023 akan jadi percobaan nntinya. HAHAHA SEMANGAT YA, karna jujur gue masuk SMK juga karna percobaan wkwk. Yang orang Jakarta tau lah ya gimana kacaunya PPDB 2020 Jakarta. So, yup. Udah cukup PPDB yg jadi hal gue waktu itu kecewa sama sistem'
Negatif;2022; highschool in jakarta highschool in jakarta, gua ditolak ppdb dki ancrit'
Negatif;2022;'@convomf tangerang, oasu ppdb jkt nolak gue kan jd gabisa ikut trend high school in jakarta udh lama tp ttp aja sakitnya masi berasa men'
Negatif;2022;''@kurawa @DennySa015 @ACTforHumanity Seandainya dana itu bs bantu anak sya masuk sekolah, sedihnya ya Tuhan. Krn anak bodoh dan umur muda ga dpt sekolah negri. Pdhl Krn bodoh makanya sya sekolahkan. PPDB Jakarta sangat menyakitkan hati saya sbg orgtua tunggal. Semoga pemprov DKIbisa memberikan solusi utk anak kami'
Negatif;2022;'Gonta-Ganti Kebijakan, PPDB Jakarta Dinilai Banyak TimbulkanPersoalan https://t.co/16kQkOQojQ'
Negatif;2022; Pejuang PPDB Jakarta yang blum lolos nangis aja gpp, gw juga ngerasain gimana ga adilnya sistem sama kita yang udah usaha semaksimal mungkin. Semangat guys!! Nilai tinggi percuma ternyata wkwk'
Negatif;2022;''ppdb jakarta plis gaje bgt'
Negatif;2022;''@taniathlta_ iyanih kayanya, error mulu web ppdb jakarta dari kemaren ngeselin jg'
Negatif;2022;''@tanyakanrl PPDB zonasi Jakarta kmrn anjg nama gue pas awal awal ada di pilihan pertama trs iseng liat dua pilihan gue yg lain gaada nama gue pas balik ke pilihan pertama KOK UDAH GAADA YAH BOLAK BALIK SCROLL ATAS BAWAH DAN REFRESH TETEP GAADA ANJG PANIK KAN MAEN'
Negatif;2022;@cipdisiniy Kagak Terima soalnya ppdb kunyuk jakarta kagak pake nilai cuma zonasi sama umur'
Negatif;2022;''PPDB JAKARTA PENGEN GUE BANTAI MASIH KESEL BGT GUE'
Negatif;2022;''ppdb jakarta hrus 15 tahun anjirr, gua yg 14th 5 bulan , UTG DI JABAR'
Negatif;2022;"''ga adil banget najis ppdb zonasi jakarta masa yg udaa tua"" pada masuk sma, ga logiss banget, anak yg seharusnya masuk sma malah pada ketendang masa kita harus nunggu tahun depan buat masuk sma negri kan gila, mau sampe kapaan sistem nya ky gini @PPDBDKI1'"
Negatif;2022;''PPDB Jakarta ini kenapa gagal mulu ya, padahal jaringan aman kok'
Negatif;2022;''ini ppdb jakarta napa lemot bgttt'
Negatif;2022;''Web ppdb jakarta ngapa beginiii'
Netral;2022;''Untuk memenuhi kebutuhan masyarakat mendapatkan Layanan PAUD, Dinas Pendidikan Provinsi DKI Jakarta membuka layanan PPDB Tahun Ajaran 2022/2023 di 165 Satuan PAUD Negerivtersebar di Jakarta dengan jumlah peminat yang mendaftar ke Satuan PAUD Negeri meningkat dari tahun sebelumnya'
Netral;2022;''Untuk memenuhi kebutuhan masyarakat mendapatkan Layanan PAUD, Dinas Pendidikan Provinsi DKI Jakarta membuka layanan PPDB Tahun Ajaran 2022/2023 di 165 Satuan PAUD Negerivtersebar di Jakarta dengan jumlah peminat yang mendaftar ke Satuan PAUD Negeri meningkat dari tahun sebelumnya'
Netral;2022;''yaallah allahu akbar\ngue nyesel banget kenapa pas ppdb dulu, gue ga milih SMAN 8 atau SMAN 68 (Jakarta)\nsekarang rasa nyesel dan rasa bersalahnya ampun gede banget'
Netral;2022;''Penerimaan Peserta Didik Baru (PPDB) Online SMA Fons Vitae 2 Marsudirini Koja Jakarta Utara Tahun 2023/2024. https://t.co/hi0VOayudc'
Netral;2022;''PPDB MTsN-MAN DKI Jakarta 2022 Tahap Akhir: Link Pengumuman dan Cara Lapor Diri https://t.co/n11XwOwZ1B'
Netral;2022;''Pengalaman Mengikuti PPDB Online DKI Jakarta (part 1) https://t.co/hjYINDlk5t\n@BPerempuan\n #bloggerperempuan'
Netral;2022;''@SIAPonline mau tanya apakah bisa ikut ppdb depok jika kk DKI Jakarta tapi tinggalnya didaerah cinere. mohon infonya.apa saja persyaratannya.dan jalur mana yang harus diikiuti terima kasih'
Netral;2022;"w cuman nyeritain soal tim coach gw yg persiapan buat IGT, trs si emak nyeletuk ""Kamu ga ikutan ke jakarta juga?""\nBUSETDAH DIKATA JOIN IGT KEK PPDB SMA APA NANGIS BGT'"
Netral;2022;''PPDB SMA Hang Tuah 1 Jakarta sudah tutup. Selamat bergabung di SMA Hang Tuah 1 Jakarta.\n\n#smahangtuah1jakarta https://t.co/tKMPgtQ5dc'
Positif;2022;''@marlina_idha Bu di Pulau Seribu itu SMA nya secara fisik bagus.. tapi kalo diliat di PPDB banyak yang nggak daftar ulang... Mau usul kenapa nggak dibuat kayak SMA Unggulan aja yang pake asrama.. jadi calon siswa dari Jakarta nggak perlu khawatir untuk daftar disana.'
Positif;2022;sebenernya semua hal harus disyukuri, cuman if I COULD do this, waktu ppdb gue harusnya tetep milih sekolah di jakarta apapun itu sekolahnya asalkan di Jakarta  https://t.co/etY8s3YKLT'
Positif;2022;''@BungRetweet Kalo PPDB jakarta ada sekolah unggulan Dan nilainya bagus2'
Positif;2022;'PPDB Jakarta japres lolos seleksi, dan lulus di SMP jg huhuhu puji Tuhan bersyukur bngt-!!\nBuat temen yg blm lolos seleksi PPDB japres, semoga di jalur afirmasi &amp zonasi bisa keterima di SMA yg diinginkan Aaamiiinnnn \nGood luck, guys. Semangat!!! https://t.co/WIqhmbaG8G'
Positif;2022;'Alhamdulillah, keterima PPDB Jakarta jalur prestasi, walaupun bukan di SMA yang saya bayangkan tapi ini cukup untuk saya.\nThanks God '
Positif;2022;''Hari Pertama PPDB DKI Jakarta Berjalan Lancar - https://t.co/JbDGke0jSV \n\n#IDCORNER'
Positif;2022;'KPAI : PPDB Jakarta Berjalan Lancar, Lupa Password Akun Dominasi Permasalahan di PoskoPPDB https://t.co/MWMg67z4df'
Positif;2022;@chajisung Semoga lolos PPDB gel 1 Jakarta. Semoga juga kakak dijauhkan dari kesialan, dilancarkan dan dimudahkan dalam segala urusannya, aamiin. Rajin berdoa aja kak. SEMANGAT!! JANGAN NYERAH!\nJaga kesehatan ya, banyak makan, minum, istirahat. Good luck! Have a nice day'
Positif;2022;''Salut sih sama yg bikin presentil akademik PPDB DKI Jakarta taun ini, bisa sedetail itu dalam menghitung presentil akademik. Nilai akademik, nilai non akademik, akreditasi, peringkat angkatan, semuanya diramu jadi satu nilai untuk mewakili ikut jalur prestasi @PPDBDKI1'
Positif;2022;''Pemprov DKI Jakarta menyatakan, Penerimaan Peserta Didik Baru (PPDB) daring 2022 lebih variatif demi membentuk kualitas pendidikan yang lebih baik.\n\nhttps://t.co/JGr4Ux8Ih2'
Positif;2022;''Wakil Gubernur DKI Jakarta Ahmad Riza Patria mengatakan, penyelenggaraan penerimaan peserta didik baru (PPDB) 2022 akan berjalan semakin baik. https://t.co/PxeQ5OSuA8'
Positif;2022;'@schfess gw ppdb jakarta make jalur luar kota alhamdulillah langsung diterima pil 1 nder ga geser, padahal umur nya termasuk muda (gatau si ini diitung apa ngga)'
