sentimen,tahun,teksbersih
Negatif,2018,jakarta terap sistem zonasi sekolah untuk terima serta didik baru ppdb masih buntut masalah di bagai daerah jumlah orangtua yang daftar anak anak kah
Negatif,2018,baru sampai di jakarta yang dipikirin ingin demo soal ppdb yang pakai sistem zona dan tidak ada hubung sama svt coba
Negatif,2018,jalur afirmasi di jakarta bukti dengan rekening bank bahwa calon siswa terima kjp bawa sktm dan saing nilai lagi antar terima kjp yang ndaftar yang singkir bisa kah sekolah swasta yang masih terima siswa baru telah umum ppdb
Negatif,2018,umum bangku kosong tahap umum jalur domisili daerah khusus ibukota jakarta tingkat sama tidak bisa akses di ppdb online min nklau dari jadwal akan tanggal juli pukul wib tapi cari web ppdb tidak ada
Negatif,2018,ppdb akan laku di banyak provinsi kenapa hanya jateng yang ulas jalur afirmasi kjp di jakarta juga ada di tahap tapi batas maksimal orang per sekolah apa ini juga salah prosedur
Negatif,2018,sama di ppdb online di jakarta juga begitu mas yang terima di jalur afirmasi untuk terima kjp nilai kecil banget pada masuk sama favorit nem bawah masuk smtr anak lewat untuk jurus dan sama yang sama
Negatif,2018,ibu ibu protes kait rumit proses ppdb daerah khusus ibukota jakarta mereka tanya sosialisasi daftar yang tidak jelas
Negatif,2018,ibu ibu protes kait rumit proses ppdb daerah khusus ibukota jakarta mereka tanya sosialisasi daftar yang tidak jelas
Negatif,2018,beberapa ibu ibu protes kait rumit proses ppdb daerah khusus ibukota jakarta wali murid protes sosialisasi daftar yang tidak jelas begini keluh dan dan
Negatif,2018,juang nilai anak kami yang benar saja kami sudah sulit tambah zonasi yang buka untuk wilayah jatinegara yang nyata jakarta timur mana letak adil buat putra putri kami mohon pak ppdb online lokal telah tutup tapi kami masih harap
Negatif,2018,itu tadi alam ppdb daerah khusus ibukota iya konon daerah lain lebih sehat praktek antara lain ukur jarak dari alamat sesuai kakak kah sekolah sementara timbang daerah khusus ibukota hanya angka dan usia perlu sekali ajar kah praktek ppdb di luar jakarta
Negatif,2018,bagaimana ini niali un kali revisi ppdb online disii oleh jakarta timur betul zona lokal jakarta selatan apakah liput jakarta timur juga
Negatif,2018,di smk jakarta yang daftar di ppdb online beberapa jurus cantum syarat tinggi badan salah satu contoh untuk jurus bisnis daring dan pasar sayang saja jika kita ada sempat untuk masuk di jurus itu tapi kendala oleh tinggi badan
Negatif,2018,pak mohon evaluasi tentang sistem ppdb smp dan daerah khusus ibukota kita bagai warga daerah khusus ibukota yang sekolah di daerah khusus ibukota khusus jakarta selatan rasa tidak fair lihat kondisi daftar yang sekolah dari luar daerah khusus ibukota bisa ikut seleksi lihat kondisi hasil usbn daerah khusus ibukota cara seluruh nilai
Negatif,2018,pak mohon evaluasi tentang sistem ppdb smp dan daerah khusus ibukota kita bagai warga daerah khusus ibukota yang sekolah di daerah khusus ibukota khusus jakarta selatan rasa tidak fair lihat kondisi daftar yang sekolah dari luar daerah khusus ibukota bisa ikut seleksi lihat kondisi hasil usbn daerah khusus ibukota cara seluruh nilai
Negatif,2018,pak mohon evaluasi tentang sistem ppdb smp dan daerah khusus ibukota kita bagai warga daerah khusus ibukota yang sekolah di daerah khusus ibukota khusus jakarta selatan rasa tidak fair lihat kondisi daftar yang sekolah dari luar daerah khusus ibukota bisa ikut seleksi lihat kondisi hasil usbn daerah khusus ibukota cara seluruh nilai
Negatif,2018,daftar ppdb bikin bingung ini kata kepala sekolah sman jakarta
Negatif,2018,jika jarak jadi komponen yang hitung dalam ppdb daerah khusus ibukota tentu siswa luar daerah khusus ibukota tidak bondong daftar kah sama fav yang letak di tengah kota jakarta lama ini hanya nilai tinggi yang jadi tentu walau rumah mereka di papua sekalipun
Negatif,2018,turut saya jalur luar kota pada ppdb daerah khusus ibukota juga kurang tepat mungkin untuk sekolah yang batas bisa lah luar kota itu tembus batas zonasi banget sementara anak jakarta batas zonasi kasi lah anak jakartanya
Negatif,2018,walau sejak tahun lalu sudah ada permendikbud yang atur zonasi minimal namun ppdb jakarta tahun ini masih belum terap itu lokal hanya dan nilai un tetap utama
Netral,2018,come and join us at dan nppdb smk telekomunikasi jakarta dan dan dan nsmk telekomunikasi jakarta nsekolah yang keren dan nkami terap budaya redi ccp character content process bas r olah raga
Netral,2018,come and join us dan nppdb smk telekomunikasi jakarta dan nsmk telekomunikasi jakarta nsekolah yang keren dan nkami terap budaya redi ccp character content process bas r olah raga
Netral,2018,promosi ppdb tiada henti dan nsilaturahmi dan promosi kah mts dan smpn sambut hangat oleh bapak kepala sekolah bapak waka dan siswa siswi smp dan mts dengan sangat antusias dan nsmk telekomunikasi jakarta nsekolah yang
Netral,2018,tidak ngobrol tidak apa balik lulus now what saya kah jakarta dan stay sana untuk waktu yang agak lama karena tdnya saya mau sama di jakarta tapi gajadi wkwkwk eh pas saya balik dari jakarta haris hubung lagi bagaimana kabar saya kembang ppdb saya bagaimana
Netral,2018,daftar ppdb tahun ajar masih buka gelombang dan nayo segera daftar dan ikut jalur mau jadi hafizh qur an sd muhammadiyah jakarta tempat dan ninformasi lebih lanjut kena
Netral,2018,passing grade hasil ppdb smk daerah khusus ibukota jakarta tahun
Netral,2018,informasi ppdb dapat hubung telepon hunting extension tidak sd smp sama smk dan smk
Netral,2018,ppdb sdn daerah khusus ibukota jakarta tidak perlu serta kia
Netral,2018,ppdb sdn daerah khusus ibukota jakarta tidak perlu serta kia
Netral,2018,ppdb sd daerah khusus ibukota jakarta tidak pakai kartu identitas anak lalu
Netral,2018,nselamat sore admin nsaya ingin tanya napakah publik dapat unduh database arsip ppdb daerah khusus ibukota jakarta
Netral,2018,team ppdb persentasi di smpn dan nantusias yang tinggi dari siswa siswi smpn dan nsmk telekomunikasi jakarta nsekolah yang keren dan nkami terap budaya redi ccp character content process bas r
Netral,2018,team ppdb persentasi di smpn dan nantusias yang tinggi dari siswa siswi smpn dan nsmk telekomunikasi jakarta nsekolah yang keren dan nkami terap budaya redi ccp character content
Netral,2018,kepala dinas didik dan budaya tangsel bantah pihak korupsi kait ppdb dan simpetas lewat
Netral,2018,kepala dinas didik dan budaya tangsel bantah pihak korupsi kait ppdb dan simpetas lewat
Netral,2018,passing grade hasil ppdb smk daerah khusus ibukota jakarta tahun ke blog
Netral,2018,online jakarta mati calon siswa smp sama
Netral,2018,passing grade hasil ppdb sama daerah khusus ibukota jakarta tahun ke blog
Netral,2018,meeting staff gama school rencana buka ppdb siswa baru jalan alur laut rawabadak koja jakarta utara daerah khusus ibukota jakarta indonesia
Netral,2018,presentasi kah mts asy syukriyyah oleh tim ppdb smk telekomunikasi jakarta dan dan nsekolah yang keren dan nkami terap budaya redi ccp character content process bas r olah raga olah rasa olah rasio
Netral,2018,presentasi kah mts asy syukriyyah oleh tim ppdb smk telekomunikasi jakarta dan dan nsekolah yang keren dan nkami terap budaya redi ccp character content process bas r olah raga
Netral,2018,ppdb ta smk sint joseph jakarta dan dan dan
Netral,2018,uji saring masuk ppdb nsmk telekomunikasi jakarta tahap dan ndalam rangka jaga kualitas tahap uji liput tes akademis psikotes dan wawancara dan dan nsekolah yang keren dan nkami
Netral,2018,passing grade hasil ppdb smp daerah khusus ibukota jakarta tahun ke blog
Netral,2018,saya tambah video kah playlist motion graphic ppdb daerah khusus ibukota karya smk dan jakarta multimedia
Netral,2018,kabid smp disdikbud tangsel sebut kendala daftar ppdb tribun jakarta
Netral,2018,daftar gelombang telah buka mari gabung sama kami
Netral,2018,informasi ppdb sds regina pacis jakarta dan
Netral,2018,ppdb smk telekomunikasi jakarta dan npenerimaan serta didik baru nta telah buka dan ninfo lanjut dan smk telekomunikasi school jakarta
Netral,2018,ombudsman wakil jakarta raya temu bagai duga langgar dan maladministrasi dalam terima serta didik baru ppdb online di bogor depok dan bekas dan dan
Netral,2018,informasi daftar ppdb smk telekomunikasi jakarta ta dan nuntuk terang lebih lanjut silah hubung tugas ppdb kami di nomor atau nomor dan nprosedur
Positif,2018,puji tuhan dan nsi bontot tulis di wag keluarga dan dan guise dan sosyel all the way dan nhasil umum ppdb sama st ursula jakarta dan nanak sos is coming from the hartantos dan nadikmu alamat twtitter e opo sih
Positif,2018,radar bogor sleman apresiasi ppdb dengan sistem zonasi jakarta radar bogor meski sempat men
Positif,2018,semua layan denga baik di posko ppdb online daerah khusus ibukota jakarta nmimin pantau proses layan di posko
Positif,2018,admin pantau kunjung gubernur daerah khusus ibukota jakarta di posko ppdb online daerah khusus ibukota jakarta alhamdulillah ppdb daerah khusus ibukota jakarta tahun ini jalan lancar aman kendali dan
Positif,2018,ppdb online smpn kota bekas aktif update nya dong nterakhir jul wib nsampe sekarang belum update lagi njakarta bisa loh update tiap menit
Positif,2018,ppdb smp online kabupaten bekas seperti belum siap dan paksa tidak seperti tetangga kota bekas dan jakarta yang lancar informatif dan update selalu dengan
Positif,2018,iya untuk webnya sangat minim informasi jauh sekali ketika saya banding dengan web maupun
Positif,2018,ada kartu jakarta pintar kok turut aku kamu ngotot saja daftar ppdb sama online kalau sudah terima aku yakin kok gamungkin papa mama kamu ngalangin kamu buat sekolah dan kalau kamu benar ngotot kamu juga bisa kerja jual kue di sekolah bantu kantin atau kerja partime jadi waiter
Positif,2018,alhamdulillah ppdb sama negeri tahap pertama selesai dan yartika terima di sama negeri jakarta
Positif,2018,sore ini jam ppdb jakarta tahap jalur lokal sman sudah tutup dan nyata kandidat sudah di terima nkeren proses seleksi
Positif,2018,ppdb atau terima serta didik baru cara online adalah salah satu prestasi riil pak saat beliau masih jadi gubernur daerah khusus ibukota jakarta laksana ppdb online bagus tanpa pungli sayang ppdb online gratis belum laksana di seluruh daerah seperti di daerah khusus ibukota
Positif,2018,enak banget kamu ppdb jakarta apakabar saya sama negeri sini bisa diitung jari
Positif,2018,biasa karena overload servernya dan tenggang waktu akan panjang jakarta juga dahulu begitu tapi tahun ini seperti sudah bagus untuk ppdb
Positif,2018,dari jelas ini perintah daerah jakarta komitmen tiap anak dapat imunisasi tapi perintah daerah juga tidak mau anak gagal sekolah karena belum imunisasi dan noleh karena itu ppdb jadi macam screening riwayat calon murid dan njalan tengah yang baik
Negatif,2019,pak presiden baik umur hidup kenapa iya kok ppdb daerah khusus ibukota jakarta lain dengan seluruh provinsi lain se indonesia tidak pakai sistem zonasi pak kasihan akan yang tidak bisa sekolah dinegri karena tidak bisa dapat bijak dari pak jokowi yaitu sekolah gratis
Negatif,2019,kenapa iya kok ppdb daerah khusus ibukota jakarta lain dengan seluruh provinsi lain se indonesia tidak pakai sistem zonasi kasihan akan yang tidak bisa sekolah dinegri karena tidak bisa dapat bijak dari pak jokowi yaitus sekolah gratis
Negatif,2019,kok sama iya rekapin hasil ppdb jakarta sejak bocah kelas hahaha
Negatif,2019,ombudsman sesal daerah khusus ibukota jakarta tidak terap ppdb zonasi ada apa
Negatif,2019,ombudsman sesal daerah khusus ibukota jakarta tidak terap ppdb zonasi ada apa
Negatif,2019,ombudsman sesal daerah khusus ibukota jakarta tidak terap ppdb zonasi ada apa
Negatif,2019,anak yang ikut ppdb di sekolah negeri emak emaknya yang dag dig dug pantau gera hasil seleksi kayak gera harga saham di jakarta seleksi akhir tetap dasar nilai un beda dengan beberapa daerah yang utama jarak rumah
Negatif,2019,selain banyak celah zonasi asli tetapi palsu versi ppdb online pindah orang tua wali yang juga harus cermat misal kakak lama jakarta tapi sekolah asal semarang sudah jelas ini tidak masuk akal karena sudah tahun dia disemarang kecuali jika memang sekolah asal dari smp di jakarta
Negatif,2019,dear admin hari ini akan jadwal ppdb smp non zonasi tapi kenapa saya tidak bisa daftar anak saya iya ada error warning jalur ini untuk bagi cpd domisili dalam propinsi daerah khusus ibukota jakarta yang harus bisa juga untuk domisili luar daerah khusus ibukota akan mohon bantu
Negatif,2019,dewan wakil rakyat kritisi praktik manipulasi domisili demi zonasi ppdb jakarta edunews id laksana terima serta didik baru ppdb lalu mekanisme zonasi besar buka ruang praktik manipulasi domisili laksana ppdb harus awas dan evaluasi
Negatif,2019,timbul polemik sistem zonasi ppdb belum mampu redam kerisuhan teliti center for indonesian policy studies meski perintah hapus stigma sekolah favorit dan sekolah non favorit jakarta mediamerdeka co perintah perlu evaluasi
Negatif,2019,tahun ini banyak yang tidak suka sama sistem ppdb yang prioritas zonasi awal aku juga begitu ngerasa tidak adil karena aku sendiri kartu keluarga jakarta dan belum pindah kakak
Negatif,2019,ombudsman nilai perintah provinsi daerah khusus ibukota jakarta laku maladministrasi kait ppdb
Negatif,2019,tadi kah posko ppdb jakarta timur juga banyak terima kjp yang tidak bisa daftar zonasi afirmasi info data dari dukcapil sistem zonasi belum sinkron tolong admin jelas nya
Negatif,2019,dalam tunjuk teknis ppdb jakarta tahu jakarta tidak utama sistem zonasi bagaimana yang atur dalam permendikbud sebut mengapa
Negatif,2019,ombudsman daerah khusus ibukota jakarta laku maladministrasi di ppdb
Negatif,2019,posko ppdb jakarta selatan yang pusat di sman kebayoran ramai kunjung para orang tua murid orang tua murid keluh beda data seperti nik dan juga verifikasi data yang nanti guna untuk tahap pertama daftar ppdb online jalur zonasi
Negatif,2019,nilai bohong kadisdik daerah khusus ibukota ppdb sistem zonasi di jakarta paling adil
Negatif,2019,oohhh hari ini itu hari akhir daftar ppdb sama di jakarta goodluck iya kalian yang lagi proses daftar sekolah dan nbtw siapa yang seko kampus prestasi ranking menang lomba ipk nya mungkin huahaha dan dan ingin tahu dooong
Negatif,2019,oohhh hari ini itu hari akhir daftar ppdb sama di jakarta goodluck iya kalian yang lagi proses daftar sekolah dan nbtw siapa yang seko kampus prestasi ranking menang lomba ipk nya mungkin huahaha dan dan ingin tahu dooong
Negatif,2019,oohhh hari ini itu hari akhir daftar ppdb sama di jakarta goodluck iya kalian yang lagi proses daftar sekolah dan nbtw siapa yang seko kampus prestasi ranking menang lomba ipk nya mungkin huahaha dan dan ingin tahu dooong
Negatif,2019,oohhh hari ini itu hari akhir daftar ppdb sama di jakarta goodluck iya kalian yang lagi proses daftar sekolah dan nbtw siapa yang seko kampus prestasi ranking menang lomba ipk nya mungkin huahaha dan dan ingin tahu dooong
Negatif,2019,oohhh hari ini itu hari akhir daftar ppdb sama di jakarta goodluck iya kalian yang lagi proses daftar sekolah dan nbtw siapa yang seko kampus prestasi ranking menang lomba ipk nya mungkin huahaha dan dan ingin tahu dooong
Negatif,2019,oohhh hari ini itu hari akhir daftar ppdb sama di jakarta goodluck iya kalian yang lagi proses daftar sekolah dan nbtw siapa yang seko kampus prestasi ranking menang lomba ipk nya mungkin huahaha dan dan ingin tahu dooong
Negatif,2019,jarak yang pisah kita fergusooooo nkalo nikah harus sesuai zonasi nkamu masuk di zona lurah nmana di cimahi cimtizen dan dan
Negatif,2019,bicara soal ppdb hubung saya masih baru juga jadi jujur saja sih kurang erti bagaimana sistem ini dan ntapi sih sistem daerah khusus ibukota ini sedikit beda dengan sistem di daerah kalau di daerah benar zonasi tanpa peduli nem kalau jakarta masih main nem
Negatif,2019,bagaimana merengking di ppdb online daerah khusus ibukota jakarta kok seperti tidak penuh atur dan nketerangan gambar dan nnilai inisial siswa m dan nnilai inisial siswa a dan nseleksi tayang di online dan dan dan inisial m tayang di
Negatif,2019,pindah domisili agar lolos sistem zonasi ppdb di jakarta pasti sia sia
Negatif,2019,frustrasi sama ppdb jakarta
Negatif,2019,mohon pantau laksana ppdb di daerah khusus ibukota jakarta yang masih titik rat nilai un yang saya tahu langsung di sman saya kira hal ini rata jadi daerah khusus ibukota padahal sistem zonasi akan beri adil dan perata kwalitas didik
Negatif,2019,tau ini iya pas daftar adik sekolah zonasi di jakarta itu nem nya tetap laku tapi sekolah itu dipilihin sama orang ppdb nya misal rumah kamu di camat gambir iya paling sekolah bisa di daerah situ juga tidak bisa kah camat cawang gituu saing tetap pakai nem
Negatif,2019,pak ppdb daerah khusus ibukota jakarta saat ini sedang sangat kacau pak saya mau sekolah
Negatif,2019,to admin maaf mau tanya kena sistem zonasi khusus seleksi masuk ppdb sman jakarta barat itu dasar jarak dari rumah kah selo tuju dekat atau tetap grading seperti tahun belum by nilai tinggi soal saya rasa bagai orang tua murid sistem zonasi ttpby nilai
Negatif,2019,ppdb jalur zonasi sama jakarta warna keluh soal waktu layan
Negatif,2019,saya ingat betul saat ppdb online si sulung tahun di jakarta timur lancar sekali saat daftar ada jalur umum dan jalur camat selain prestasi antri sesuai nomor masuk input nilai verifikasi tinggal tunggu real time anak masuk mana kok sekarang jadi horror iya
Negatif,2019,orang tua keluh lama proses ppdb sistem zonasi di jakarta
Negatif,2019,case nanak istri sudah tinggal di semarang nanak sudah sekolah di sd semarang dan ncuma kakak masih ikut saya di jakarta dan nsama sekali tidak ada sempat daftar ppdb dan nmasih lebih baik di ikan sempat daftar tapi kalah sisih nilai itu lebih fair
Negatif,2019,pak notice besok ppdb jakarta buka dan saya mau zonasi sudah hapus kalau perlu ppdb ulang nilai saya bagus dan mati mati ajar dan keluarin banyak uang kalau hasil bodoh lebih baik saya tidak perlu sekolah pak biar didik indonesia makin bobrok
Negatif,2019,tiap tahun ganti model ppdb saya bingung dengan orang pandai yang ada di jakarta mengapa selalu dunia didik jadi uji coba sistem nayo kembali kah bimbing ki pukul dewantoro
Negatif,2019,orangtua murid nilai sistem zonasi ppdb tidak adil lewat
Netral,2019,antar prakerin jakarta dan sekitar dan nppdb telah buka dan npendfataran dan
Netral,2019,nm a nsmp muhammadiyah jakarta njl tebet timur ii nomor tebet jakarta selatan jakarta selatan dan ninformasi terima serta didik baru ppdb tahun ajar nsmp muh dan
Netral,2019,besok juni ppdb madrasah daerah khusus ibukota jakarta umum
Netral,2019,kamu punya prestasi simak cara daftar ppdb daerah khusus ibukota jakarta jalur prestasi
Netral,2019,kamu punya prestasi simak cara daftar ppdb daerah khusus ibukota jakarta jalur prestasi
Netral,2019,ini syarat lengkap ppdb online jenjang smp dan sama di daerah khusus ibukota jakarta
Netral,2019,besok juni ppdb madrasah daerah khusus ibukota jakarta umum
Netral,2019,nm a nsmp muhammadiyah jakarta njl tebet timur ii nomor tebet jakarta selatan jakarta selatan dan ninformasi terima serta didik baru ppdb tahun ajar dan nsmp muh
Netral,2019,daftar ppdb online sd provinsi daerah khusus ibukota jakarta
Netral,2019,simak tentu dan jadwal jalur zonasi ppdb sama daerah khusus ibukota jakarta
Netral,2019,hasil ppdb madrasah man daerah khusus ibukota jakarta umum cek di sini
Netral,2019,ppdb smk santa theresia jakarta dan
Netral,2019,passing grade hasil ppdb smp daerah khusus ibukota jakarta tahun
Netral,2019,sama dengan jurus bahasa di ppdb daerah khusus ibukota jakarta lalu
Netral,2019,kamu punya prestasi simak cara daftar ppdb daerah khusus ibukota jakarta jalur prestasi
Netral,2019,hasil ppdb madrasah man daerah khusus ibukota jakarta umum cek di sini
Netral,2019,besok juni ppdb madrasah daerah khusus ibukota jakarta umum
Netral,2019,ini syarat lengkap ppdb online jenjang smp dan sama di daerah khusus ibukota jakarta
Netral,2019,informasi dari traffic management center tmc polisi daerah metropolitan jaya pagi ini tidak catat telah lapor aksi antara lain aliansi parlemen jalan srmi lmnd fnpbi ppdb spartan seniman jakarta papernas dan iisip dan lain dan ndah tua mau disuapin saja ini
Netral,2019,ini syarat lengkap ppdb online jenjang smp dan sama di daerah khusus ibukota jakarta
Netral,2019,sudah dibilangin pada pindah saja kah jakarta apalagi mbak rinrin itu daripada riweuh melulu sama ppdb
Netral,2019,passing grade hasil ppdb sama daerah khusus ibukota jakarta tahun ke blog
Netral,2019,mari gabung sama generasi generasi qur ani
Netral,2019,bapak ibu dan teman teman sekolah charitas jakarta sudah di buka ppdb tahun ajar ayo segera daftar jangan sampai tinggal dan ninformasi sekolah nemail yayasan
Netral,2019,ppdb smk santa theresia jakarta tahun ajar
Netral,2019,jakarta kamis dan nkpai selenggara rapat koordinasi hasil awas terima serta didik baru ppdb tahun dan dan
Netral,2019,rencana umum ppdb sama dan smp daerah khusus ibukota jakarta hari ini pukul
Netral,2019,ppdb tahun ajar nsma katolik sang timur jakarta dan dan dan dan
Netral,2019,ppdb sd santa theresia jakarta dan
Netral,2019,ppdb kb tidak santa theresia jakarta dan
Netral,2019,bincang publik sama ombudsman ri wakil jakarta raya tentang sengkarut selenggara ppdb dan ninteraktif dan dan nb fm streaming
Netral,2019,muhadjir effendy sebut sekolah di daerah khusus ibukota jakarta penuh syarat terap terima serta didik baru ppdb bas zonasi cara penuh
Netral,2019,mendikbud jakarta penuh syarat terap ppdb zonasi penuh mendikbud muhadjir e
Netral,2019,mendikbud jakarta penuh syarat terap ppdb zonasi penuh mendikbud muhadjir e
Netral,2019,mendikbud jakarta penuh syarat terap ppdb zonasi penuh mendikbud muhadjir e
Netral,2019,mendikbud jakarta penuh syarat terap ppdb zonasi penuh mendikbud muhadjir e
Netral,2019,mendikbud jakarta penuh syarat terap ppdb zonasi penuh mendikbud muhadjir e
Netral,2019,mendikbud jakarta penuh syarat terap ppdb zonasi penuh mendikbud muhadjir e
Netral,2019,smk jakarta pusat ppdb nyimas
Netral,2019,umum hasil ppdb madrasah man daerah khusus ibukota jakarta laku hari ini
Positif,2019,sama banyakin sekolah mbak sekolah negeri banyak dan rata hanya di jakarta jawa barat untuk sama kurang sekali bisa di cek di ppdb online jawa barat tahun lalu aku pernah cek jadi bukan tidak mau sekolah kah negeri bahkan di depok lebih gampang cari mall banding sman
Positif,2019,ppdb daerah khusus ibukota jakarta tahun sudah akhir selamat bagi yang terima di sekolah negeri bagi yang belum terima jangan putus asa ini bukan akhir dari segala nseperti biasa admin akan hibernasi sampai jelang ppdb tahun depan sekali lagi selamat dan semangat
Positif,2019,alas tulis status tidak perlu pajang foto presiden karena kagum ppdb daerah khusus ibukota lewat
Positif,2019,tuju dan nkemarin sudah coba untuk advokasi bijak ppdb alhamdulillah untuk jakarta tidak ada kasus rupa daerah lain kemudian mulai coba diskusi sama buat baik paud dan nterkait konstruksi benar kalau disdik belum paham betul tentang konstruksi dan desain yang ramah anak
Positif,2019,moga bisa evaluasi tahun depan atur ppdb misal jadi jakarta bagai contoh beberapa tahun kalau sukses baru terap di daerah lain kalau tidak ada evaluasi mohon copot saja mendikbudnya
Positif,2019,yang pasti di jakarta yang pimpin pak terima siswa baru alias ppdb tidak ribet tidak pakai antri dari jam pagi syarat daftar sekolah pakai nilai un bukan pakai meter kami para wali murid ucap terima kasih pak anies
Positif,2019,sistem ppdb daerah khusus ibukota jakarta sudah cukup bijaksana dan cukup akomodatif dalam salur aspirasi warga untuk dapat didik yang adil layak dan perhati imbang lingkung kota dan duduk
Positif,2019,ppdb daerah khusus ibukota jakarta bisa jadi model
Positif,2019,dibantuin sama admin dengan fast respon masa hari akhir ppdb jakarta non daerah khusus ibukota arti banget jasa informasi masa genting ppdb begini aku bagai ibu yang h c jadi sangat bantu didoain berkah murah rezeki kalau belum ketemu jodoh temu yang baik terima kasihbanyak min
Positif,2019,khawatir yang sempat bayang para orangtua siswa kena zonasi pun sirna dengan tidak banyak keluh yang muncul telah proses ppdb akhir dan nbenarkan sistem zonasi sekolah negeri jakarta sudah cukup adil
Positif,2019,ppdb tingkat smp dan sama di daerah khusus ibukota jakarta lalu jalur non zonasi buka hari ini selasa hingga kamis besok turut warganet apa yang harus baik
Positif,2019,ppdb tingkat smp dan sama di daerah khusus ibukota jakarta lalu jalur non zonasi buka hari ini selasa hingga kamis besok turut warganet apa yang harus baik
Positif,2019,langsung lancar ppdb jakarta yang gagas anies bisa jadi rujuk swamedium
Positif,2019,langsung lancar ppdb jakarta yang gagas anies bisa jadi rujuk swamedium
Positif,2019,opini saya sejak tahun lalu hingga kini ppdb jakarta cukup fair dan transparan
Positif,2019,langsung lancar fahira idris ppdb jakarta bisa jadi rujuk kota lain
Positif,2019,langsung lancar ppdb jakarta bisa jadi rujuk kota lain dan
Positif,2019,lancar ppdb jakarta bisa jadi rujuk kota lain
Positif,2019,langsung lancar ppdb jakarta bisa jadi rujuk kota lain
Positif,2019,langsung lancar ppdb jakarta bisa jadi rujuk kota lain
Positif,2019,ppdb jakarta nilai bisa jadi rujuk baca
Positif,2019,kepala dinas didik kadisdik daerah khusus ibukota jakarta ratiyono nilai terap sistem zonasi sekolah pada terima serta didik baru ppdb di jakarta sudah cukup adil
Positif,2019,contoh soal unbk simulasi tes ppdb cbt mtsn jakarta
Positif,2019,kadisdik daerah khusus ibukota klaim terap zonasi ppdb di jakarta sangat adil
Positif,2019,kadisdik daerah khusus ibukota klaim terap zonasi ppdb di jakarta sangat adil
Positif,2019,kadisdik daerah khusus ibukota jakarta nilai terap sistem zonasi sekolah pada ppdb di jakarta sudah cukup adi
Positif,2019,kepala dinas didik kadisdik daerah khusus ibukota jakarta ratiyono nilai terap sistem zonasi sekolah pada terima serta didik baru ppdb di jakarta sudah cukup adil
Positif,2019,langsung lancar ppdb jakarta yang gagas anies bisa jadi rujuk
Positif,2019,sman di kabupaten tangerang harus sperti sman di jakarta sistem ppdb tetap zonasi tetapi tetap harus timbang nilai un untuk peringkat terima itu baru perata nama dan dan
Positif,2019,meski ular antre ppdb di sama jakarta kondusif
Positif,2019,dukung terap sistem zonasi ppdb wali murid peluang terima di sekolah unggul lebih besar lewat
Positif,2019,heboh ppdb online tapi jakarta masih anteng saja untung dari tahun sudah online meski tiap tahun ada ubah tapi makin baik seperti daerah lain harus buat jalur ppdb juga ini umum zonasi tapi nem tetap jadi patok
Positif,2019,kenapa jawa barat tidak seperti jakarta ppdb masih harga nilai un simpel dan jelas umum terima juga cuma hari sejak akhir daftar
Positif,2019,ppdb jawa barat jalur zonasi umum nya lama juga minggu daftar akhir juni umum juni sedang ppdb jakarta jalur zonasi umum langsung pas hari akhir daftar rentang waktu nya jam
Positif,2019,kalau sudah tidak terima jakarta buka ppdb mulai senin ko tahun lalu jakarta gamake point jarak kola dan aku salah satu yang terima sekolah di jakarta pakai jalur luar daerah
Positif,2019,tuju min kami dukung admin agar tetap seleksi pakai nilai un jangan dengar yang panas gara gara nemnya kecil wkwkw bagus job ppdb jakarta
Positif,2019,laksana terima serta didik baru ppdb tahun di daerah khusus ibukota jakarta jalan kondusif dan nmenurut fsgi kemendikbud perlu contoh perintah provinsi daerah khusus ibukota jakarta dalam terap sistem zonasi dalam ppdb dan nbagaimana alam teman teman yang urus tahun ini
Positif,2019,ooh yang jakarta masih kayak begitu iya bagus deh saya lihat klasmen ppdb jawa barat lucu saja dirankingin dasar jarak tapi ada juga sih yang pakai nilai cuma slot kursi dikit
Positif,2019,ppdb daerah khusus ibukota jakarta kuota besar tetap guna hasil un bagai metoda seleksi tangerang harus acu kah daerah khusus ibukota jakarta jangan bahkan ikut sistem serang lebak pandeglang yang memang hasil un masih bawah rata nasional
Positif,2019,ppdb daerah khusus ibukota jakarta lama ini anggap baik bisa contoh
Positif,2019,warga apresiasi laksana ppdb online jalur inklusi di jakarta dan
Positif,2019,warga lurah rawa badak selatan koja jakarta utara apresiasi jalur inklusi terima serta didik baru ppdb online bagi calon ajar tingkat sd hingga sama atau smk
Negatif,2020,maaf bos sudah dbl founder tidak ada uang surabaya tidak merdeka bos hahay sukarno lahir sini njakarta itu kota apa lahir umur si ppdb saja pakai umur niat sekolah tidak wkwkw
Negatif,2020,kadisdik daerah khusus ibukota jakarta ini buat blunder dan ramai saja nkemarin blunder soal ppdb sekarang soal uji nsuka banget iya buat blunder dan ndia sudah tidak bisa tidur nyenyak ini sudah viral begini dan nperlu telusur apa maksud dari soal uji sebut
Negatif,2020,fix nder kamu kalau ikut ppdb jakarta tahun ini pental melulu
Negatif,2020,ikan sempat yang sudah sepuh nad
Negatif,2020,ini akibat kalau tidak benar kerja yang patung di masker in lah yang atap rumah warga fly over tapal kuda di cat atau ganjil genap motor laku ppdb jakarta guna umur bagai acu
Negatif,2020,gubernur anies baswedan dan disdik daerah khusus ibukota jakarta gugat kah ptun daerah khusus ibukota soal ppdb ppdb daerah khusus ibukota dengan seleksi usia sebut langgar atur kemendikbud
Negatif,2020,para orang tua murid masuk gugat kepada perintah provinsi daerah khusus ibukota jakarta kah ptun jakarta karena terap syarat yang diskriminatif dalam ppdb online sehingga rugi langsung didik mutu bagi siswa murid joi dan
Negatif,2020,sosialisasi yang buruk
Negatif,2020,sosialisasi yang buruk
Negatif,2020,sosialisasi yang buruk
Negatif,2020,sosialisasi yang buruk
Negatif,2020,sosialisasi yang buruk
Negatif,2020,sosialisasi yang buruk
Negatif,2020,sosialisasi yang buruk
Negatif,2020,sosialisasi yang buruk
Negatif,2020,sosialisasi yang buruk
Negatif,2020,sosialisasi yang buruk
Negatif,2020,sosialisasi yang buruk
Negatif,2020,ppdb jakarta kemarin amburadul akan bahkan orang tua sampai demo masak daftarin sekolah yang pertama jadi timbang adalah umur dan nbukannya bahkan tidak koreksi diri bahkan ngomingin nadiem
Negatif,2020,anis hanya pandai retorika tapi minim kerja banyak bijak iya rugi rakyat jakarta yang nyata penyelengara ppdb online yang amburadul bahkan akan jadi macet akibat terap zonasi yang fake dan klubada polemik akibat bijak dia anis kabur entah mana
Negatif,2020,ada orang tua murid yang adu proses administrasi ppdb online daerah khusus ibukota jakarta
Negatif,2020,itu fakta makanya ppdb jakarta anarkis bahkan hampir batal
Negatif,2020,anak kemarin sore wkwkakak mengapa jadi lomba tua an sudah asa ppdb jakarta
Negatif,2020,sudah sudah itu bukan reklamasi tapi sebut anies itu luas dan nmassa dari bagai elemen unjuk rasa di depan balai kota jakarta mereka protes soal reklamasi ancol hingga ppdb daerah khusus ibukota dan dan
Negatif,2020,tidak nonton berita kalau ppdb di daerah khusus ibukota jakarta masalah iya
Negatif,2020,ada demo lagi iya nis kait ppdb daerah khusus ibukota jakarta bagaimana itu solusi nis jangan dokem baik anda
Negatif,2020,sadar atau tidak laksana terima serta didik baru ppdb tinggal soal baru di jakarta dan nsaya terima lapor ada ratus siswa yang hingga saat ini belum daftar di sekolah mana pun dan ancam putus sekolah
Negatif,2020,ajar raih ratus harga aristawidya maheswari oleh tawar lanjut didik sama di jumlah sekolah swasta di jakarta usai gagal lolos seleksi negeri kok bisa dan dan
Negatif,2020,kritik anies soal ppdb dan reklamasi presidium barometer jakarta gelar aksi demonstrasi
Negatif,2020,maksud jelas benar sangat kang kemarin ppdb jakarta jatah khusus anak nakes yang tangan covid cuma kasih buat satu siswa saja beda sangat sama jawa barat dan jateng
Negatif,2020,komisi lindung anak indonesia komisi lindung anak indonesia sebut ada siswa yang tidak lolos terima serta didik baru ppdb daerah khusus ibukota jakarta yang belakang jadi kisruh karena syarat usia dan nbaca lengkap di
Negatif,2020,kids belum lama ini heboh dengan berita orang siswi nama aristawdya maheswari siswi umur tahun yang hasil milik piala harga namun gagal terima di sama negeri di jakarta pada seleksi terima serta didik baru atau ppdb
Negatif,2020,ppdb zonasi hujan kritik kini ribu kursi kosong di sekolah jakarta tidak isi
Negatif,2020,harus belum terap sistem ppdb zonasi diknas daerah khusus ibukota harus hitung atau sosialisasi lebih dahulu sistem ini memang enak sekarang akhir banyak kursi kosong njgn smp nanti kursi kosong jual belikan loh iya apalg untuk sekolah favorit di jakarta dan dan
Negatif,2020,dinas didik daerah khusus ibukota jakarta belum buka ppdb daerah khusus ibukota tahun mereka memang kurang laku sosialisasi
Negatif,2020,lembaga swadaya masyarakat gmbi daerah khusus ibukota jakarta tuntut kepada gubernur daerah khusus ibukota jakarta agar ppdb segera cabut
Negatif,2020,swasta mana mungkin bisa campur bang makanya wali murid saya rebut cari sekolah negeri saat ppdb jakarta kemarin karena gratis spp dan lain masuk buku yang pinjam bahkan banyak yang dari sekolah swasta pindah kah negeri juga demi gratis tapi iya itu seleksi kacau
Negatif,2020,memang yang perlu kritisi sekarang itu sistem ppdb yang makin kacau tambah pula model zonasi yang tidak jelas lebih parah di jakarta pakai sistem umur semua sekolah belum bisa sama semua kasi anak yang memang pintar dan harus sekolah yang tidak dukung halo
Negatif,2020,mulai bijak normalisasi sungai di jakarta formula b di monas yang korban pohon mahoni tangan covid dan bantu untuk para korban dampak pandemi yang ambur adul masalah ppdb yang akhir korban anak prestasi tunjuk ketidakmampuanmu anies baswedan
Negatif,2020,benar aku orang tidak dendam atau kalau nyesel kecewa tidak lama cuma kadang masih kecewa sama ppdb zonasi pakai umur karena aku masih oktober nanti baru harap cuma di japres tapi rata anak negeri kalah sama swasta sejak masuk smp aku sudah netapin mau masuk sman jakarta sekolah
Negatif,2020,tidak habis fikir memang saya kenal orang model begini emak yang misuh anak tidak terima di sekolah negeri gara atur ppdb di jakarta tahu tidak yang disalahin siapa mendikbud
Negatif,2020,iyaa bapak aku akan pindah kerja kah sana dari januari lalu karena aku dsah malas ikut ppdb jakarta jadi aku ikut kah ambon saja huhu
Negatif,2020,saya akan lihat ppdb jakarta ada yang paling muda nya tahun bulan kalau tidak salah ini saya yang tahun masih lama nyoba di jakarta bagaimana anjing auto swasta
Negatif,2020,tidak tahu lelah banget sama ppdb jakarta
Negatif,2020,lah di jakarta ppdb ada yang umur tahun lebih yang daftar
Negatif,2020,gubernur covid konpres melulu ppdb jakarta diam akan kotor
Negatif,2020,kad didik daerah khusus ibukota jakarta buat bijak ppdb dengan batas usia akibat para orang tua tambah pusinggggggggggggg cari uang untuk daftar anak di sekolah swasta nkonyollllllllllllllll
Negatif,2020,apa rencana perintah daerah khusus ibukota jakarta untuk anak yang gagal terima ppdb kalau ortunya tidak sanggup daftar kah sekolah swasta karena mihil bagamana
Negatif,2020,moga ada orang yang mau biaya unt lanjut skolah iya adik dan ntak lolos ppdb jakarta ajar raih ratus harga akhir putus sekolah
Negatif,2020,kenapa iya dewan wakil rakyat daerah daerah khusus ibukota jakarta diam ribu bahasa ketika orang tua siswa rasa rugi susah dengan atur usia dalam ppdb di daerah khusus ibukota jakarta oleh kepala dinas didik dan nanehh nkatanya wakil rakyat dan waktu kampanye saudara laki aku aku juang untuk rakyat nkacian deh
Netral,2020,jakarta indonesia
Netral,2020,tambah anggar bos susul banyak siswa di daerah khusus ibukota jakarta yang dampak pandemi covid dan sistem ppdb
Netral,2020,
Netral,2020,mimpi besar dan berani gagal dan ninfo ppdb sama istiqlal jakarta
Netral,2020,harus dari total nilai semua matpel seko kamu bagi banyak matpel kamu nah kalau yang umur itu tau aku ada di sistem ppdb jakarta ada beberapa daerah yang lihat dari jarak sekolah rumah juga tahun ini adkel yang baru masuk paling tua umur sudah paling muda
Netral,2020,hmm cuma mau ngetik ft ppdb jakarta
Netral,2020,maba niat banget ngetimnya moga buah hasil adik
Netral,2020,apa kamu ppdb daerah khusus ibukota jakarta juga sama seperti aku
Netral,2020,kalau anak ppdb sama jakarta tahun ini bisa jawab dan kalah sama yang tahun kakak perempuan
Netral,2020,paling itu nadia yang ngirim menfessnya
Netral,2020,coba ppdb nya rambah dong kah depok jangan jakarta saja
Netral,2020,midnight sale niel
Netral,2020,wkwkwk siap bang liti
Netral,2020,mantap kasposnye sophia latjiba pt sayang pt beri harap palsu wkwkw
Netral,2020,kirain bakar karena stock gala
Netral,2020,tidak bisa sudah ada contoh ini
Netral,2020,akan kamu yang ngajarin gas
Netral,2020,silah update kah media sosial kami saudara laki situ lengkap rekam jejak fraksi psi jakarta saat polemik ppdb kmarin
Netral,2020,astaga lebih baik tidak punya pacar daripada harus sama nadia kasi cowonya
Netral,2020,kelompok wakil orangtua siswa aju gugat gubernur daerah khusus ibukota kadinas didik daerah khusus ibukota jakarta kah ptun daerah khusus ibukota jakarta gugat sebut kait bijak terima serta didik baru ppdb bas usia dan ntalk sama sekretaris kumpul koloni jumono
Netral,2020,orang tua gugat ppdb daerah khusus ibukota jakarta kah ptun
Netral,2020,tahun ajar baru sudah mulai walaupun harus sekolah online adik adik tetap semangat untuk ajar iya dan nkita kilas balik ayo apa saja jalur ppdb yang siap perintah provinsi daerah khusus ibukota dan kenapa sih ada banyak jalur dan dan
Netral,2020,mau tidak mau harus baca web nya ppdb jakarta just in case
Netral,2020,sejarah catat ppdb daerah khusus ibukota jakarta
Netral,2020,kisruh terima serta didik baru ppdb di daerah khusus ibukota jakarta hingga saat ini masih jadi bincang dan dan dan dan
Netral,2020,anies baswedan minta kaji salur bantu bagi seluruh siswa yang gagal dalam ppdb
Netral,2020,laksana sosperda nomor tahun tentang pemuda oleh ketua fraksi nasdem dewan wakil rakyat daerah daerah khusus ibukota jakarta wibi andrino dan npada sempat ini serap banyak aspirasi seperti masalah sehat ppdb daerah khusus ibukota hingga latih umkm online dan dan dan dan
Netral,2020,dinas didik daerah khusus ibukota jakarta tanggap kabar soal ada siswa prestasi nama aristawidya maheswari gadis yang kerap sapa arista itu gagal lolos ppdb daerah khusus ibukota meski milik banyak prestasi
Netral,2020,tahun ajar baru sudah mulai namun tidak ada kursi dalam kuota terima serta didik baru ppdb daerah khusus ibukota jakarta tahun yang kosong
Netral,2020,dapat nama yang adu nasib kah komisi lindung anak indonesia karena gagal lolos ppdb daerah khusus ibukota daftar itu telah serah kah disdik daerah khusus ibukota jakarta untuk ditindaklanjuti
Netral,2020,ppdb jakarta resmi akhir tahun ini ppdb jakarta tambah syarat usia untuk serta didik
Netral,2020,ppdb daerah khusus ibukota jakarta selesai ribu kursi masih kosong
Netral,2020,kursi kosong sekolah negeri usai ppdb jakarta paling banyak dapat pada jenjang sekolah dasar sd yakni persen atau kursi
Netral,2020,dinas didik daerah khusus ibukota jakarta sebut ada kursi sisa usai ppdb
Netral,2020,ppdb jakarta sisa kursi kosong dan
Netral,2020,ppdb akhir masih ada kursi kosong di jakarta sebab ada kursi kosong pada tutup ppdb zonasi adalah sekolah lokasi di dekat pusat kantor atau di pulau ribu
Netral,2020,ppdb daerah khusus ibukota jakarta polemik syarat usia dalam pbb dan nhalo sahabat fema dan npelaksanaan ppdb di daerah khusus ibukota jakarta tahun ini dapat beda yaitu guna usia bagai salah satu faktor timbang dalam terima calon serta didik baru
Netral,2020,sdn srengseng pagi kembang jakarta barat ada sosialisasi ajar jarak jauh pjj bagi para wali murid
Netral,2020,iluni universitas indonesia kembali ada bagai webinar di antara profesional kontra bijak ppdb daerah khusus ibukota jakarta dan webinar putar inovasi koperasi policy center iluni universitas indonesia juga kembali ada diskusi yang unggah kah spotify dan youtube iluni universitas indonesia serta diskusi dengan para aktivis alumni universitas indonesia
Netral,2020,ikut ppdb jakarta bang
Positif,2020,saya tadi mau ipa tetapi gara lempar melulu jadi paksa milih ips dan ntadinya mau linjur sih nyata ips enak juga xixixixix terima kasih ppdb jakarta
Positif,2020,sistem terima serta didik baru ppdb rupa sisa kisah haru bunda orang putri sopir angkot hasil lolos sama favorit di jakarta
Positif,2020,cerita ppdb di ncalon siswa dari keluarga miskin bisa masuk sekolah ini semangat didik di ibukota dan dan
Positif,2020,ketua komisi e apresiasi bantu untuk siswa tidak lolos ppdb berita jakarta
Positif,2020,telah anies kecam tentang ppdb nkini anies jawab ntanpa harus urus surat miskin lebih siswa di daerah khusus ibukota jakarta bakal oleh bantu uang pangkal untuk masuk kah sekolah swasta mereka adalah siswa yang gagal dalam jalur ppdb total anggar yang banyak m
Positif,2020,untung yaaa warga jakarta punya gubernur yang sangat peduli dan nselain uang pangkal perintah provinsi daerah khusus ibukota akan bantu spp siswa gagal ppdb yang masuk sekolah swasta
Positif,2020,perintah provinsi daerah khusus ibukota jakarta akan bantu banyak ribu siswa yang tidak lolos seleksi daftar ppdb dan paksa harus kenyam didik di sekolah negeri
Positif,2020,perintah provinsi daerah khusus ibukota jakarta bantu an siswa tidak lolos ppdb kah sekolah swasta
Positif,2020,perintah daerah khusus ibukota jakarta siap dana rupiah miliar untuk bantu siswa sekolah swasta
Positif,2020,dewan wakil rakyat daerah daerah khusus ibukota jakarta akan awal rencana kucur anggar nila rupiah miliar yang akan keluar perintah provinsi daerah khusus ibukota jakarta bagai insentif bagi siswa yang tidak lulus ppdb agar bisa masuk di sekolah swasta
Positif,2020,bantu dari perintah provinsi daerah khusus ibukota jakarta upa uang pangkal siswa yang sekolah kah swasta jika siswa sebut dampak pandemi virus corona
Positif,2020,anggar nila rupiah miliar telah siap perintah provinsi daerah khusus ibukota jakarta untuk bantu didik bagi siswa sekolah sd smp smu yang tidak lolos ppdb untuk masuk di sekolah swasta
Positif,2020,walaupun proses ppdb di daerah khusus ibukota jakarta tuai polemik tapi ketua komisi e dewan wakil rakyat daerah daerah khusus ibukota jakarta nilai seluruh proses sudah baik
Positif,2020,disdik serta kjp yang tidak lolos ppdb cicil uang pangkal swasta agar tidak berat dalam keluar biaya didik di sekolah swasta kepala dinas didik daerah khusus ibukota jakarta saran agar para siswa terima kjp cicil biaya didik
Positif,2020,teman teman saya sedang cari narasumber untuk artikel di apakah ada saudara atau kerabat yang bisa bagi alam di ppdb jakarta dan nmohon bantu
Positif,2020,kompas judul yang jelas bukan karena atur ppdb jakarta cuy jadi olah perintah provinsi daerah khusus ibukota yang salah semua daerah itu sama atur ppdb nya
Positif,2020,usai kisruh ppdb daerah khusus ibukota jakarta sekolah swasta kini usul agar biaya oleh apbn
Positif,2020,buzzerp bodoh sistem ppdb seperti begitu hampir semua daerah di indonesia ngelakuin yang serang cuma jakarta saja itu mau anjing media dan buzzerp sampah macam kamu coba tanya bos gojek lagi sudah nyet
Positif,2020,ppdb depok tidak kayak ppdb jakarta ppdb depok lama
Positif,2020,amat karang bunga ppdb daerah khusus ibukota jakarta itu ikut atur permendikbud nomor tentang ppdb yang laku tiap daerah jadi kalau ada yang kirim karang bunga kah kantor anies arti si kirim salah alamat harus kirim kah kantor mantan kang gojek
Positif,2020,saya kira banyak masalah di ppdb ini ndan bukan hanya di perintah provinsi daerah khusus ibukota saja nkhususnya itu jalur zonasi npernahkan anda tanya langsung kah menteri
Positif,2020,alhamdulillah kalau begitu saya nge share itu cuma mau kasih tahu kalau masalah ppdb bukan hanya di jakarta tapi juga di beberapa daerah lain perintah daerah juga pasti jalan sesuai atur kemendikbud karena yang jadi regulator iya si kemendikbud
Positif,2020,saya heran soal ppdb kenapa yang demo cuma daerah khusus ibukota jakarta dan padang saja dan npadahal yang bikin atur akan mendikbud
Positif,2020,mbak bukti kalau ppdb di jakarta itu memang bijak kemendikbud
Positif,2020,anda tahu masalah ppdb itu bukan cuma di jakarta saudara laki daerah lain juga sama hanya saja telanjur sakit hati iya susah kemarin anis paling awal antisipasi korona tidak ada itu kalian apresiasi memang hati kalau sudah hitam yang baik juga akan terlihatjahat
Positif,2020,ppdb itu masalah bukan cuma di jakarta loh tempat lain juga sama sistem zonasi yang di buat oleh perintah timbul dampak yang buruk untuk didik di utama daerah kok cuma anis saja yang salah aneh
Positif,2020,ppdb jakarta psi minta daerah khusus ibukota bantu anak masuk sekolah swasta
Positif,2020,kemendagri fasilitas upaya selesai masalah ppdb daerah khusus ibukota jakarta
Positif,2020,ini jelas kemendagri kait masalah ppdb daerah khusus ibukota laksana tugas plt sekretaris jenderal kemendagri muhammad hudori kata pihak sudah temu titik temu masalah kait terima serta didik baru ppdb daerah khusus ibukota jakarta
Positif,2020,wakil ketua dewan wakil rakyat daerah daerah khusus ibukota jakarta zita anjani janji awal bantu bagi siswa yang akhir harus sekolah di swasta telah gagal masuk sekolah negeri
Positif,2020,adduh yang saat ini di laku di daerah khusus ibukota adalah program nanda akan lihat bodoh ketika anda sabut gubernur jakarta yang di salah
Positif,2020,masalah ppdb kena yang sorot hanya daerah khusus ibukota jakarta iya bukan daerah lain alami hal yang sama
Positif,2020,kemendagri kemendikbud dan perintah provinsi daerah khusus ibukota sudah temu titik temu soal ppdb sementara itu plt irjen kemendikbud chatarina muliana girsang tutur pihak telah laku sinergi sama perintah provinsi daerah khusus ibukota jakarta utama kait jalur zona rw
Positif,2020,sahabats yang baik hati bila turut prihatin dengan fenomena ceroboh implementasi bijak ppdb daerah khusus ibukota jakarta tahun khusus seleksi lalu jalur zonasi mari sama upaya untuk ubah dan revisi lalu petisi pada link ini
Positif,2020,kalau anies baswedan tidak benar mari kita kritik sama ntapi kalau anies tatih tatih urus psbb jakarta karena bijak presiden jokowi ntapi kalau anies tatih tatih urus ppdb jakarta karena bijak mendikbud nmaka silah nalar anda dibenahidulu
Positif,2020,tvonenews menge tweet amat didik sebut jika laksana ppdb zonasi di daerah khusus ibukota jakarta justru beri rasa adil bagi masyarakat tengah kah bawah
Positif,2020,atur ppdb itu dari mendikbud iya laku semua sekolah di indonesia bukan cuma jakarta kok yang salah gubernur
Positif,2020,nadiem aku salah pembully anies diam dan
Positif,2020,yth bapak nadiem makarim terimakasih atas atensi besar harap kami bapak bisa lurus masalah ini kisruh ppdb daerah khusus ibukota mendikbud nadiem siap koordinasi kah mendagri tito
Positif,2020,alhamdulillah masuk ppdb jakarta bun
Positif,2020,sama seperti tahun belum mana akan terus ada sekolah favorite yang di dominasi oleh sekolah favorite jenjang belum dan dan mengapa ppdb daerah khusus ibukota pakai usia bukan jarak karena demografi jakarta beda dengan daerah lain mana di jakarta duduk sangat padat banyak mukim
Positif,2020,untuk adik yang rasa kecewa marah akibat tidak masuk di sekolah negeri karena sistem ppdb hanya ingat bahwa ini bukan akhir dari segala tetap semangat
Positif,2020,urus dan kader psi diri posko untuk bantu warga yang sulit daftar anak dalam program terima serta didik baru ppdb moga ruwet terima siswa baru di jakarta segera atas
Positif,2020,coba teman jateng dan jawa barat ada tidak faktor usia dalam ppdb kasihan wan anis kok senter daerah khusus ibukota jakarta saja yang sorot
Positif,2020,amat didik sebut jika laksana ppdb zonasi di daerah khusus ibukota jakarta justru beri rasa adil bagi masyarakat tengah kah bawah
Positif,2020,komisi lindung anak indonesia apresiasi solusi ppdb daerah khusus ibukota yang warna kisruh syarat usia dan dan dan dan
Positif,2020,update dan nternyata ada jalur baru untuk ppdb daerah khusus ibukota jakarta jalur zonasi baru kena dengan mereka yang rumah masih rw setidakny ada harap bagi adek yang belum dapat sekolah dan lokasi ada se rw dengan sekolah yang tuju dan dan
Positif,2020,opini saya sih ppdb daerah khusus ibukota jakarta jangan batal atau ulang bahkan tambah stress otm dan cpdb akan buat masalah baru nperbaiki saja beri solusi tanpa masalah baru untuk cpdb yang tidak lolos seleksi karena usia
Positif,2020,ada kabar baik dari kemendikbud soal ppdb daerah khusus ibukota jakarta moga selesai kisruh
Positif,2020,dailami firdaus kisruh ppdb jakarta harus cari solusi pasti bisa
Negatif,2021,heh yaampun nasib banget sudah beli tiket pesawat segala macam sampai panggil tukang buat benerin rumah jakarta buat inap eh pas masuk web tiket serasa lagi ppdb masuk sama
Negatif,2021,teman teman smp saya seperti pada bagus banget nasib di sama saya di sini masih renung ppdb jakarta
Negatif,2021,poko sudah kamu di osis atau ekskul jabat apa langsung ajuin saja biar dapat poin tapi saya entah tidak tahu bandung bagamana krna tiap daerah beda sistem ppdb prestasi cuma jakarta memang jelek banget anjr
Negatif,2021,aaaa queela keren naku juga angkat sama kamu jakarta ppdb nya pakai umur mau menang umur aku masih bahkan saat itu sudah pasrah banget tidak bisa masuk sama jadi aku smk tertawa tetapi i ll do my best
Negatif,2021,cerita di bulan juli seleksi ppdb daerah khusus ibukota jakarta yang kecewa
Negatif,2021,sampai sekarang masih tidak terima he tidak masuk negeri dan nmaap kawan yang dapat memang belum rela saja dan nppdb jakarta
Negatif,2021,paling anti lihat ppdb jakarta
Negatif,2021,what ppdb jakarta peluang besar nya yang umur lebih tua
Negatif,2021,iyaa betul banget pas kelas stress pikir gituan apa lagi tinggal di jakarta khawatir sama ppdb yang sgjslshal
Negatif,2021,jujurly saya baru tahu ginian pas kelas asli pas lagi ppdb gitu pernah disaranin masuk sama jakarta biar berangkat sama emak untung gajadi sudah
Negatif,2021,sama semangat iya ajar soal di dom aku jakarta sistem ppdb kacau banget tertawa kalau dom kamu bukan jakarta iya aman aku dahulu korban ppdb jakarta
Negatif,2021,iya swasta apalagi aku juga numpang kakak buat masuk smp dahulu pas biar bisa masuk smp negeri jakarta tapi ppdb jakarta ini ygsekarang aneh begitu lohh pakai zona prioritas pakai retweet rw gapake jarak dari sekolah kah rumah akan yaa adh aneh deh malas banget malas sama ppdb
Negatif,2021,tidak terima jalur mana pun zonasi semua per sekarang swasta kuota membludak anak kami juga tidak terima apa dapat anda pak ibu kepala apakah bersit bagaimana asa anak
Negatif,2021,anak yang sudah tahan dari awal kalau sampai geser karena mungkin ada tambah nilai baru yang tidak logis saya mohon di pantau apa terimakasih
Negatif,2021,kepada yth dan di bantu di cek nilai yang sedang langsung seleksi seperti nilai tidak normal semua karena kalau nilai segitu di atas knapa baru daftar sekarang padahal di akademi jalur pertama lolos sekarang seperti ada yang bisa update nilai oknum
Negatif,2021,capek iya sama aku juga saya korban ghosting ppdb jakarta bulan saya ikut semua jalur pental semua kemarin saja saya ikut tahap dua pental lagi mana kursi dikit banget saja daftar swasta tempat saya rata rata sudah tutup nasib sampai sekarang stress banget saya
Negatif,2021,ppdb jakarta tahun ini kenapa tidak jelas banget si iya allah mau minggat saja
Negatif,2021,saat didik tidak pihak pada anak anak yang kurang mampu njangan salah kaum vandal tumbuh subur di dan dan dan dan dan dan
Negatif,2021,ppdb jakarta kacau
Negatif,2021,rasany tidak lolos japres karena kalah osis sama ekstra nrasany tidak lolos afirmasi karena kjp nrasany tidak lolos zonasi karena umur nrasnay tidak lolos tahap dua karena persentil sidanira dan dikit banget bangku kosong dan nkena mental men dan nppdb tahap jakarta
Negatif,2021,ppdb jakarta bangsat
Negatif,2021,please mau sekolah mana cobaa di tolak tidak sekolah sama ppdb tahap jakarta pliss saya sudah kalah di japres karena persentil di zonasi saya kalah umur tahap kenapa persentil lagi sii woiii
Negatif,2021,sudah capek saya ppdb jakarta gajelas
Negatif,2021,sudah sekian jam sejak buka tampil masih begini bagaimana kita tahu bahwa kita masuk atau tidak
Negatif,2021,serius ingin tanya ada yang tahu tidak kenapa perintah buat sistem ppdb jakarta jalur zonasi pakai umur dan jarak begini bukan nilai kalau seperti begini terus bisa stress karena umur saya muda
Negatif,2021,bulan stress cuma karena ppdb jakarta aneh
Negatif,2021,web ppdb jakarta eror terus huhu
Negatif,2021,ppdb jakarta makan gaji buta gajelas atur kasi anak
Negatif,2021,ppdb jakarta tolong pecat pegawai pegawai yang tidak bisa kerja bijak yang gamasuk akal makin gila saja atur kola iya pakai nilai bukan umur
Negatif,2021,ppdb jakarta gajelas
Negatif,2021,oalah luar jakarta itu offline iya kalau di jakarta dari sudah ppdb online lupa sejak kapan mulai online dan dari dahulu sampai sekarang pasti ada saja masalah di servernya heran saya tidak ubah padahal sudah tahun tahun
Negatif,2021,kasihan banget lihat ibu yang pasrah tunggu sisa kursi sekolah benar ppdb yang uras emosiiiii
Negatif,2021,ppdb jakarta sekarang kacau banget sistem prestasi pakai umur persentil sistem zonasi pakai umur sudah deh yang umur muda tapi pintar kalah sama yang umur lebih lebih lebih
Negatif,2021,ppdb jakarta ngaretnya lebih ih sia sia saya bangun pagi aaaabbhhjiiiinnggg
Negatif,2021,ppdb jakarta kenapa sistem ngeselin sudah
Negatif,2021,ppdb jakarta tahap dua belum bisa pilih skolah padahal sudah jam lewat
Negatif,2021,ini ppdb jakarta bagamana sii saya mau daftarin sepupu saya biar cepat bahkan tidak bisa milih skolah
Negatif,2021,ini bagaimana ppdb jakarta masa tidak ada pilih sekolah nya
Negatif,2021,ini bukan cuma saya saja akan yang tahap dua tidak ada tulis pilih sekolah sumpaahh takut bnget dan dan
Negatif,2021,welcome to jakarta ndimana ppdb njalur prestasi bukan nilai akademik saja ntetapi bahkan ada nilai non akademik dan nwelcome to jakarta ndimana ppdb yang kata jalur zonasi ntapi yang terima bahkan yang umur lebih tua
Negatif,2021,heh iya sih aku juga kaget di ppdb jakarta untung di tempat ku belum ada sistem umur masih nilai
Negatif,2021,baru lihat ppdb sama negeri di daerah khusus ibukota salah satu sama kualitas di jakarta barat dari siswa yang terima semua atas tahun yang usia bawah tidak terima dan nkeberpihakan tidak nkeadilan tidak dan ncarut marut bijak
Negatif,2021,orangtua protes ppdb zonasi jakarta jarak meter tidak lolos gara gara kalah umur nklik untuk baca dan nterpaksa kalah karena sistem tidak jelas paksa tidak sekolah karena tidak bisa saing sama yang lebih tua kasi s dd dan
Negatif,2021,sistem ppdb jakarta hancur hancur
Negatif,2021,ppdb jakarta anjing sudah
Negatif,2021,umur punya kartu tanda duduk bisa kerja numur tahun kartu tanda duduk tidak punya mau kerja apa bagi calon siswa yang tidak mampu masuk swasta dan dan dan
Negatif,2021,ngeselin sudah pakai umur segala zonasi saya yang masih tahun bulan tidak bisa apa apa lebih baik kalau kemarin jalur prestasi pakai rapot saja saya bisa masuk anj padahal nilai saya besar
Negatif,2021,dan dan dan nditunggu action nya npara orang tua sudah pusing soal covid njangan tambah beban lagi soal ppdb dan dan dan
Negatif,2021,semangat yaa aku dom jakarta juga pusing banget mau masuk sama ppdb sistem gajelas kemarin aku ikut zonasi kalah di umur semangat kamuuu fighting pasti ada jalan keluarr
Negatif,2021,gajelas banget bolol ini orang memang kualitas negeri jakarta sudah jelek gede rasa ppdb dari tahun lalu makanya saudara laki main dahulu sini kah jakarta biar tahu keras nya bagamana didik sekarang sini kamu ngerasain saja kgk
Negatif,2021,bubarkaan nhanya bikin rusak generasi terus dengan bodoh sistem dan dan dan dan dan dan
Negatif,2021,aduh kasi deh cilandak barat tidak punya sama negeri
Negatif,2021,pusing banget sama ppdb jakarta umur saya baru tahun bulan belum ada menit langsung kah gepak seperti kereta cepat
Negatif,2021,ppdb jakarta stress anjing
Negatif,2021,hah memang ppdb jakarta masih pakai umur
Negatif,2021,iya salah banget ppdb jakarta masa iya tahun baru mau masuk sama jdnya yang kecil pada swasta sedih banget
Negatif,2021,sudah tahun ini ppdb daerah khusus ibukota masalah didik kualitas atau umur yang kualitas tidak semua keluarga di jakarta mampu untuk sekolah swasta pilih gap year bahkan timbul gunung es kah depan tolong bapak ibu yang hormat timbang ulang
Negatif,2021,ada yang orang jakarta tidak kamu tidak kesel apa sama ppdb zonasiii tahun masih terima jing duhhh kalau gni saya gaush pikir nilai yang penting umur saya tua
Negatif,2021,plss depresot banget sama ppdb jakarta sistem zonasi kurang adil
Negatif,2021,yang tua yang sekolah nyg muda hancurrr nmenuju dan dan dan dan
Negatif,2021,jalur umur ini mah bukan jalur zonasi badut banget ppdb jakarta
Negatif,2021,mungkin kalau aku ppdb di jakarta sudah tidak masuk deh
Negatif,2021,lelah sama sistem ppdb jakarta
Negatif,2021,tidak tahu ini bohong banget memang ppdb jakarta tidak jelas
Negatif,2021,gimanasi ppdb jakarta katamya zonasi kok pakai umur aneh
Negatif,2021,rebut booking vaksin di jakarta bikin sakit perut asa ppdb
Negatif,2021,tolong iya ini mah yang tua bisa terima padahal jarak nya jauh mksdny gman iya lalu kita yang lahir nya tahun yang mana umur umum anak sama baru tidak terima itu bagaimana nengga erti sama jalan fikir perintah yang nerapin sistem baru ppdb jakarta nkita orang yang benar mau sekolah
Netral,2021,kalau di dom jakarta tidak pengaruh nder kemarin aku ppdb yang pakai rapot smstr saja
Netral,2021,bisa nder coba search ppdb saja sebentar juga muncul kalau masalah nilai yang murni di ppdb jakarta bidang prestasi kurang tapi dar informasi saja yang kuat itu kalau ada nilai dari lomba lomba urus ekskul
Netral,2021,lombanyaa kira kapann soalya kalau ppdb jakarta kalau gasalaa lomba maksimal bulan belum daftar ppdb gituu
Netral,2021,kalau kamu di daerah jakarta pakai zona zona saja nder yang ppdb kemarin dan kalo jarak kah sekolah m bisa gamasuk zona utama begitu tapi kalau bukan di jakarta kurang tahu deh
Netral,2021,sudah siap ikut tes seleksi ppdb madrasah istiqlal jakarta t per dan dan njangan sampai lewat iya sabtu desember
Netral,2021,presentasi ppdb di smp dan jakarta dan
Netral,2021,presentasi ppdb di smp dan jakarta dan
Netral,2021,hari ini kita tim ppdb tahun ajar kunjung kah smp dan jakarta dan
Netral,2021,indonesia
Netral,2021,indonesia
Netral,2021,kemarin sudah ngecek ppdb jakarta sd negeri inceran dia paling kecil masuk usia tahun bulan mudah an nanti nadim lolos deh di smp sama negeri karena mirip kamu mbak meth ingin sd swasta smp sama nya negeri
Netral,2021,akan kita pasti dapat apa iya semacem sertif urus osis iya nah itu sama sekolah dilampirin gituu jadi kayak dapat nilai plus ngomong-ngomong ini aku ppdb jakarta
Netral,2021,yahhh karena ppdb jadi tidak bisa iya kamu memang di jakarta mana deh
Netral,2021,ppdb sama sama daerah khusus ibukota jakarta mulai ini daftar sama swasta yang libat serta kuota
Netral,2021,ppdb sama sama daerah khusus ibukota jakarta mulai ini daftar sama swasta yang libat serta kuota
Netral,2021,ppdb sama sama daerah khusus ibukota jakarta mulai ini daftar sama swasta yang libat serta kuota
Netral,2021,ppdb sama sama daerah khusus ibukota jakarta mulai ini daftar sama swasta yang libat serta kuota
Netral,2021,ppdb sama sama daerah khusus ibukota jakarta mulai ini daftar sama swasta yang libat serta kuota
Netral,2021,ppdb sama sama daerah khusus ibukota jakarta mulai ini daftar sama swasta yang libat serta kuota
Netral,2021,ppdb sama sama daerah khusus ibukota jakarta mulai ini daftar sama swasta yang libat serta kuota
Netral,2021,ppdb sama sama daerah khusus ibukota jakarta mulai ini daftar sama swasta yang libat serta kuota
Netral,2021,ppdb sama sama daerah khusus ibukota jakarta mulai ini daftar sama swasta yang libat serta kuota
Netral,2021,ppdb sama sama daerah khusus ibukota jakarta mulai ini daftar sama swasta yang libat serta kuota
Netral,2021,ppdb sama sama daerah khusus ibukota jakarta mulai ini daftar sama swasta yang libat serta kuota
Netral,2021,smk mau tanya misal aku dari jakarta timur mau ppdb di jakarta selatan itu bisa tidak
Netral,2021,saya mau tanya deh misal dari jakarta timur mau ppdb sama di jakarta selatan itu bisa tidak
Netral,2021,ppdb sama sama daerah khusus ibukota jakarta mulai ini daftar sama swasta yang libat serta kuota
Netral,2021,ppdb sama sama daerah khusus ibukota jakarta mulai ini daftar sama swasta yang libat serta kuota
Netral,2021,ppdb sama sama daerah khusus ibukota jakarta mulai ini daftar sama swasta yang libat serta kuota
Netral,2021,ppdb sama sama daerah khusus ibukota jakarta mulai ini daftar sama swasta yang libat serta kuota
Netral,2021,sd kartika jaya tidak jakarta dengan kepala sekolah pak pamuji sukses jadi yang baik di daerah khusus ibukota jakarta apa tips beliau untuk guru anak dan orang tua untuk ajar dan ppdb di masa pandemi ayo kita poin teman
Netral,2021,ngomong-ngomong itu aku ppdb jakarta iya coba tanya ppdb kota saja
Netral,2021,catat baik baik begini alur dan tempat ppdb sd sama jalur zonasi di jakarta
Netral,2021,adik saya tahun ini lulus smp dan mau lanjut kah sama ikut ppdb daerah khusus ibukota jakarta beuh iya ampun deg degan
Netral,2021,buka sampai besok ini tata cara daftar ppdb sama sekolah negeri dan swasta di jakarta dan dan
Netral,2021,catat baik baik begini alur dan tempat ppdb sd sama jalur zonasi di jakarta
Netral,2021,tidak ada total calon serta didik cpd yang telah advokasi pada tanggal juni hingga juli oleh posko ppdb psi jakarta antara hasil terima di sekolah yang pilih dan dan
Netral,2021,ppdb sama sama daerah khusus ibukota jakarta mulai ini daftar sama swasta yang libat serta kuota
Netral,2021,catat baik baik begini alur dan tempat ppdb sd sama jalur zonasi di jakarta
Netral,2021,stud teman ada yang tahu sistem ppdb jakarta tahun depan tidak untuk japres nmakasih
Netral,2021,simak jadwal lengkap ppdb madrasah daerah khusus ibukota jakarta jenjang mi mts dan sama
Netral,2021,anies baswedan batal sistem zonasi ppdb daerah khusus ibukota jakarta tandatangani petisi lalu
Netral,2021,ombudsman jakarta raya panggil kadisdik provinsi jawa barat kait ppdb jenjang sama smk wilayah bogor depok dan bekas lalu
Netral,2021,ombudsman jakarta raya layang panggil pada kadisdik jawa barat kait ppdb sama smk di bodebek dan
Netral,2021,dalam lapor kait ppdb sama smk di bodebek ombudsman panggil kadisdik jawa barat beberapa masalah yang lapor kepada ombudsman jakarta raya yakni upa duga tindak malaadministrasi usul kuota siswa selain itu proses nilai pada
Netral,2021,jakarta sudah ri depok masih ribet ppdb yak
Netral,2021,bisa tapi kalau ikut ppdb jakarta yang jalur zonasi umur tidak akan lolos kayak
Netral,2021,kamis komisioner komisi lindung anak indonesia retno listyarti tim laku awas ptm dan ppdb di sman jakarta komisi lindung anak indonesia juga minta jelas kait laksana vaksin anak usia tahun yang akan masif dengan libat pihaksekolah dan puskemas dekat
Netral,2021,beda dengan ppdb daerah khusus ibukota jakarta ombudsman sebut ada temu duga maladministrasi di ppdb bodebek dan dan lewat
Netral,2021,ppdb jakarta dan yogyakarta dan dan nso junghwan one tweet angkat udara dan gionashe
Netral,2021,ombudsman akan periksa kadisdik provinsi jawa barat dan provinsi banten ihwal duga jumlah langgar dalam laksana ppdb tahun ajar ppdb di daerah khusus ibukota jakarta pun dapat jumlah catat minor
Netral,2021,simak jadwal lengkap ppdb madrasah daerah khusus ibukota jakarta jenjang mi mts dan sama
Netral,2021,anies baswedan batal sistem zonasi ppdb daerah khusus ibukota jakarta tandatangani petisi lewat
Netral,2021,ombudsman akan periksa kepala dinas didik provinsi jawa barat dan provinsi banten ihwal duga jumlah langgar dalam laksana terima serta didik baru ppdb tahun ajar dalam laksana ppdb di daerah khusus ibukota jakarta
Netral,2021,assalamualaikum warahmatullahi wabarakatuh dan ninformasi ppdb smk gita kirtti jakarta dan nbarangkali masih bingung cari sekolah yang tepat untuk putra putri smk gita kirtti masih terima daftar siswa baru dan nterima kasih atas perhati nwassalamualaikum wr wb dan dan
Netral,2021,laksana ppdb tahun ajar di makin jakarta
Netral,2021,tutup ppdb tanggal juli homeschooling talenta jakarta timur
Netral,2021,ppdb sama sama daerah khusus ibukota jakarta mulai ini daftar sama swasta yang libat serta kuota
Netral,2021,ppdb smk gita kirtti jakarta masih buka npendaftaran jangkau segera daftar segera anak saudara tetangga kalian kah sekolah kami ndalam bidang managemen dan bisnis kita maju sama dan
Netral,2021,tahu waktu itu akan kamu pernah ngetweet ppdb begitu jakarta
Netral,2021,
Netral,2021,
Netral,2021,untuk informasi lebih lanjut kena ppdb daerah khusus ibukota jakarta sila hubung call center di bawah ini pada hari dan jam kerja dan ntelp hotline dan dan ntelp posko dinas dan dan dan dan dan dan dan nterima kasih
Netral,2021,assalamu alaikum wr wb dan nbagi putra i ayah bunda yang belum dapat pilih sekolah dapat daftar lalu batas dan dan
Netral,2021,untuk informasi lebih lanjut kalian dapat ikut dan ninstagram
Netral,2021,ombudsman wakil jakarta raya temu beberapa duga malaadministrasi pada ppdb tingkat sama smk di bodebek
Positif,2021,tidak juga si nder aku juga tidak aktif dahulu tapi kalau di ppdb terus ppdb jakarta masuk kah organisasi jadi urus ekskul bakal peran besar nderr jadi coba lakuin hal itu kalau mau lanjut kah negeri
Positif,2021,daerah khusus ibukota itu paling bagus ppkm masih bisa salur bansos juta per kakak untuk yang hak program vaksin sudah ajar tatap muka sudah ppdb lancar dead rate covid dahulu tinggi sekarang jadi turun jakarta pintar jakarta linko warga daerah lain saja iri dengan daerah khusus ibukota
Positif,2021,saya ingat saat mas goldy papar dampak positif dari ppdb daerah khusus ibukota jakarta yang sempat tuai profesional kontra saat rapat sama di dan nada sesuai data antara latar belakang ekonomi keluarga siswa baru dengan data tingkat ekonomi per kelompok masyarakat di daerah khusus ibukota jakarta
Positif,2021,kemarin di ppdb jakarta osis juga penting apalagi kalau jabat osisnya tinggi lumayan banget tambah nilai
Positif,2021,ppdb dan alhamdulillah nya di ini aku bisa terima di salah satu sama negeri di jakarta pusat jadi poin utama dan kalau kalian yang angkat smp mau ikut ppdb sama lagi tahun alias gapyear bisa langsung ikut saja tanpa harus datang kah mana
Positif,2021,komisi lindung anak indonesia ppdb daerah khusus ibukota jakarta libat sekolah swasta patut tiru
Positif,2021,aku korban ppdb jakarta sudah usaha maximal buat ips tapi belum rezeki jjr sedih banget asli sempat kacau banget pas tidak terima ips aku mau swasta tapi ada ekonomi lagi kurang bagus jadi yaudahlah ipa saja inti semangat semua mau kalian linjur atau tidak
Positif,2021,yang punya kjp lebih baik daftar tahap sama yang swasta biar rata bagi sekolah swasta masih banyak yang kosong ppdb jakarta
Positif,2021,buat orang tua ini saran buat ikut ppdb tahun depan jamin masuk sekolah yang tuju beli rumah yang satu retweet rw sama sekolah yang tuju dari sekarang kalau anak belum tahun gapyear saja main tahun lagi di sd smp lebih bagus tahun main
Positif,2021,kemarin sore saya unjung posko ppdb terima serta didik baru di sekolah sman jakarta terima siswa jalan lancar tapi ada beberapa catat aspirasi yang saya terima dan nanti akan saya tindak lanjut kah dinas kait
Positif,2021,saya sudah kira jalur zonasi bakal rumit ini sih makan pas japres saya hantem saja terus an mau sekolah jauh seperti atau bukan sekolah impi saya karena tidak mampu kalau sekolah swasta awal saya sakit hati karena tidak terima nilai saya harus bisa masuk sekolah yang saya mau
Positif,2021,ppdb jakarta bagus juga bisa pantau begitu calon serta didik saya yang kudet apa memang ini sistem baru
Positif,2021,semangat buat podb jakarta minggu kemarin ngurusin ppdb tidak bisa tidur alhamdulillah sudah selesai
Positif,2021,buat yang belum terima jakarta atau belum ada nama di daftar seleksi login ulang kemudian daftar lagi dengan pilih sman lain yang masih dalam zona nya nanti akan muncul status terima atau belum terima nklo belum terima daftar lagi saja semangat
Positif,2021,mbak saya memang tidak di jakarta tapi mau usul saja kalau di jogja sini nemu kendala saat daftar sekolah kita langsung kah dinas didik konsul sana nanti arah biasa masalah bisa beres kecuali kalau kita memang langgar atur ppdb
Positif,2021,hai ada sekolah rupa tidak di jakarta aku sudah coba hubung bberapa orang untuk tolong anak kawan aku yang ancam tidak sekolah lagi tahun ini karena kembali gusur di ppdb daerah khusus ibukota tapi belum ada yang merespon terimakasih iya
Positif,2021,untuk penuh minta masyarakat pada tahun ini psi jakarta kembali buka posko layan ppdb pada titik di daerah khusus ibukota jakarta dan dan dan
Positif,2021,saya baru tahu ppdb jawa barat hasil seleksi tidak bisa di pantau tiap hari seperti ppdb jakarta iya
Positif,2021,hallo sahabatdisdik apa kamu tahu npemprov daerah khusus ibukota jakarta pada saat ini punya program ppdb sama pada program ini dinas didik provinsi daerah khusus ibukota jakarta kolaborasi sama sekolah swasta dalam tingkat daya tampung serta didik serta tingkat tara mutu didik
Positif,2021,hebat posko ppdb jakarta professional sangat layan masyarakat sungguh salut ingin segera pindah kah jakarta tapi kalau pindah sekarang tahun depan kknya belum genap tahun takut bingung daftar skolah
Positif,2021,ppdb jakarta nyata ada yang bagus juga
Positif,2021,siang saya saat ini sedang ecek bagaimana jalan ppdb yang sedang langsung di sman manggis jakarta barat semua proses memang lebih atur banding tahun lalu namun ada beberapa catat yang dapat optimal depan dan
Positif,2021,terima kasih atas percaya warga yang telah manfaat layan posko ppdb dari psi jakarta dan nayo maanfaatkan layan damping daftar ppdb online cara gratis cek thread di bawah ini untuk informasi kontak dan lokasi layan dan dan
Positif,2021,kamu temu masalah lama proses ppdb jakarta kamu bisa loh lapor masalah kah kanal adu milik perintah provinsi daerah khusus ibukota jakarta dan npenting untuk tahu cara lapor masalah ppdb dengan baik dan benar baca artikel ikut iya dan dan
Positif,2021,benar deh saya kecewa sama sistem sumpah tapi yaa mau bagaimana lagi doain iya kakak saya bakal nyoba lagi jalur zonasi yang tidak terima semangat jangan menyerahh masih ada jalur lanjut okee always doa yaaa love love dan dan
Positif,2021,kemarin sila cpdb meng update data di sidanira ini buka peluang kepada siswa menginput data tambah tentang urus siswa di osis atau ekskul siswa orang tua buru hadap sekolah dengan bawa bukti tambah urus di osis atau ekskul dan
Positif,2021,perintah daerah khusus ibukota jakarta gandeng sekolah swasta untuk tambah daya tampung bagi calon siswa dari jalur afirmasi dalam terima serta didik baru ppdb tahun ini kerja sama ini utama di lurah yang tidak milik sekolah
Positif,2021,keren pak anies masalah sudah beres tapi akan lebih baik lagi kalau tidak perlu ada masalah sejak hari pertama bapak akan dahulu juga menteri akan pak tahu akan pak daftar ppdb seperti apa dan dan
Positif,2021,keren pak anies masalah sudah beres tapi akan lebih baik lagi kalau tidak perlu ada masalah sejak hari pertama bapak akan dahulu juga menteri akan pak tahu akan pak daftar ppdb seperti apa dan dan
Positif,2021,jakarta update posko ppdb partai adil sejahtera pasar rebo siap bantu masyarakat
Positif,2021,keren pak anies masalah sudah beres tapi akan lebih baik lagi kalau tidak perlu ada masalah sejak hari pertama bapak akan dahulu juga menteri akan pak tahu akan pak daftar ppdb seperti apa dan dan
Positif,2021,kurang lebih ini kriteria nilai seleksi jalur prestasi ppdb daerah khusus ibukota jakarta tahun ini sila yang punya adik anggota keluarga yang masih sekolah bisa motivasi dari sekarang
Positif,2021,komisi lindung anak indonesia ppdb daerah khusus ibukota jakarta libat sekolah swasta patut tiru
Positif,2021,ppdb daerah khusus ibukota jakarta akan libat sekolah swasta bagai pilih didik calon siswa adapun biaya spp siswa yang terima akan gratis lalu detikedu
Positif,2021,wakil gubernur daerah khusus ibukota ppdb cara online di jakarta langsung sangat baik
Positif,2021,ppdb di jakarta utara jalan baik
Positif,2021,perintah kota administrasi jakarta utara pasti laksana daftar serta didik baru ppdb kendali dan dan dan dan
Positif,2021,pada ppdb ini dinas didik ingin hilang stigma sekolah negeri favorit seluruh sekolah negeri di jakarta milik mutu yang sama sehingga bentuk sekolah sekolah negeri dengan variasi serta didik yang tinggi dan rasa gotong royong untuk maju sama
Positif,2021,apresiasi untuk disdik provinsi daerah khusus ibukota jakarta dalam layan masyarakat di masa ppdb ini dan dan
Positif,2021,gubernur daerah khusus ibukota jakartaanies baswedanmemastikan dua masalah situsppdbdki jakarta tahun sudah beres dan tangan dengan baik dan
Positif,2021,sudah ada baik betul anak saya juga ikut ppdb daerah khusus ibukota awal memang agak masalah program sidanira bahkan luar biasa gubernur daerah khusus ibukota jakarta ikut pantau karena dia mantan mendikbud ri jadi tahu ini hal yang vital bagi bibit sdm di daerah khusus ibukota jakarta kah depan gercep monitor yang sangkut
Positif,2021,senjata saya saat itu adalah pc intel atom dengan memori gb modem flash telkomsel dan ntahun demi tahun lalu sulit ketidakcakapan akses inet nyata masih kerap muncul dan nuntungnya beberapa warung internet di jakarta buka jasa asistensi ppdb solidaritas yang bagus
Positif,2021,sempat kendala perintah provinsi daerah khusus ibukota hasil baik sistem ppdbjakarta
Positif,2021,kendala teknis sudah baik gubernur anies pasti proses ppdb di jakarta landas tara berita jakarta
Positif,2021,kendala teknis sudah baik gubernur anies pasti proses ppdb di jakarta berlandaskankesetaraan
Positif,2021,kendala teknis sudah baik gubernur anies pasti proses ppdb di jakarta berlandaskankesetaraan
Positif,2021,gubernur daerah khusus ibukota jakarta anies baswedan gercep dan pasti sulit dalam aju akun saat ppdb tahun ajar sudah bisa atas dan sudah bisa akses
Positif,2021,gercep banget ini dan nppdb daerah khusus ibukota jakarta masalah pak gubernur turun tangan pasti proses lancar dan nbangga saya punya gubernur seperti beliau
Positif,2021,baik di respon cepat telah dapat aspirasi dari masyarakat dan dan
Positif,2021,alhamdulillah kendala yang kemarin sempat muncul dan rasa para siswa dan orangtua yang ikut ppdb jakarta sudah tangan dengan baik dan dan dan
Positif,2021,demi beri layan baik unti para wali murid yang sulit untuk akses ebsite terima serta didik baru ppdb gubernur daerah khusus ibukota jakarta anies baswedan siap tempat layan di jumlah titik dan dan
Positif,2021,posko ppdb psi jakarta hadir kembali dan nkami siap damping kamu dalam proses daftar terima serta didik baru ppdb daerah khusus ibukota jakarta hubung nomor di bawah ini sesuai dengan domisili kamu dan nsebarkan jangan henti di kamu dan dan
Positif,2021,karena tiap kita adalah juang apa upaya baik yang sedang juang dan nbeberapa dpra partai adil sejahtera di daerah khusus ibukota jakarta buka posko untuk bantu mudah para juang ppdb online bukan begitu bang mpok min
Positif,2021,portal ppdb online sulit akses catat nomor posko adu di jumlah wilayah daerah khusus ibukota jakarta dan dan
Positif,2021,anies langsung gelar rapat dengan dirut telekomunikasi untuk atas masalah akses di ppdb jakarta
Positif,2021,posko ppdb psi di jakarta selatan bagi masyarakat yang butuh bantu dalam proses daftar silah hubung kontak tera atau datang kah posko pada alamat yang tera pada postingan dan nsalam solidaritas dan dan
Positif,2021,wah selamat iya tipsnya guna buat daftar moga bisa istirahat buat yang lain moga manfaat yaa
Positif,2021,terima serta didik baru ppdb tahun ajar di daerah khusus ibukota jakarta telah mulai senin dan npemprov daerah khusus ibukota jakarta komitmen wujud tara sempat didik bagi warga jakarta dari seluruh latar belakang tuk dapat didik dan nsumber
Positif,2021,kasih untuk para staff dan urus ppdb daerah khusus ibukota jakarta akhir sekian lama bisa daftar japres moga hal ini tidak jadi di tahun yang akan datang dan bisa jadi ajar supaya sistem didik di indonesia bisa maju yang milik sdm unggul
Positif,2021,dapat tips kata kode keamananny tidak perlu ganti jadi pencet lanjut saja terus tadi saya juga begitu dan skarang sudah daftar tinggal pantengin tendang atau tidak moga tipsnya guna kalau tidak yah tetap semangat tidur tenang
Positif,2021,halo warga jakarta timur nberikut adalah nomor playanan untuk ppdb sila tanya iya nik anak nya kepada tugas kami dan untuk tahu warga jakarta timur bagai sarana untuk dapat informasi nahi segala layan dokumen duduk agar mudah cepat dan gratis
Positif,2021,penting bagi para orangtua yang anak akan daftar ppdb di daerah khusus ibukota jakarta dan njika manfaat mohon dishare komen like dan subscribe iya
Positif,2021,ombudsman jakarta nilai banyak baik yang laku perintah provinsi daerah khusus ibukota kait laksana ppdb tahun baik ini baik dari aspek regulasi maupun substansi atur
Positif,2021,ombudsman nilai ada baik kait ppdb di jakarta dari aspek regulasi maupun substansi atur
Positif,2021,ombudsman apresiasi baik ppdb daerah khusus ibukota jakarta
Positif,2021,ayo dukung ppdb jakarta cara daring dengan tetap selenggara ppdb tuju untuk wujud tara sempat bagi semua warga dari seluruh latar belakang dengan begitu warga bisa oleh didik kualitas di daerah khusus ibukota jakarta
Positif,2021,ombudsman ri wakil jakarta raya apresiasi dinas didik daerah khusus ibukota jakarta yang telah laku sosialisasi laksana terima serta didik baru ppdb tahun
Positif,2021,tiap weekend pasti buat konten untuk chanel youtube retno listyarti begitu weekend ini ngobrol tentang ppdb dalam bentuk saya tanya ketua panitia ppdb provinsi daerah khusus ibukota jakarta jawab nanti video iya insyaallah manfaat
Positif,2021,eh ppdb jakarta ada tahap anjing neng banget bisa ikut tahap saya
Positif,2021,dengan ppdb warga bisa oleh didik kualitas di daerah khusus ibukota jakarta dan nppdb dapat bentuk sekolah sekolah negeri dengan variasi serta didik yang tinggi dan rasa gotong royong untuk maju sama dan dan
Positif,2021,dengan ppdb warga bisa oleh didik kualitas di daerah khusus ibukota jakarta dan nppdb dapat bentuk sekolah sekolah negeri dengan variasi serta didik yang tinggi dan rasa gotong royong untuk maju sama dan dan
Positif,2021,dear teman teman yang punya putra putri mau masuk sekolah informasi ppdb daerah khusus ibukota jakarta ini moga manfaat
Positif,2021,untuk capai nilai raport yang bagus memang tidak bisa laku cara instant semua nya harus lalu proses ajar yang terus terus dan dan
Positif,2021,ppdb adalah ikhtiar kita sama dalam cipta didik yang tuntas dan kualitas mari lanjut dan banyak kolaborasi dan sama kita semua demi tara sempat dapat didik bagi anak anak daerah khusus ibukota jakarta dan
Positif,2021,didik adalah tanggung jawab kita sama maka dari itu dinas didik daerah khusus ibukota jakarta sangat harga kolaborasi kita semua dalam tahap susun bijak ppdb
Positif,2021,paling enak ppdb jakarta sah
Positif,2021,dahulu aku benar benar taat banget sama perintah allah pas dekat dekat ppdb jakarta tiap hari tahajud doa solawat in sekolah yang aku ingin tapi takdir kata lain seperti allah beri aku yang baik aku tendang sama mana pun akhir daftar smk mungkinini yang baik
Positif,2021,waktu itu misuh misuh sama ppdb jakarta sekarang aku syukur sangat bisa temu teman yang support lebih support diri aku sendiri dripada teman smp dan yaa sekarang aku enjoy sangat sama sklhku sekarang walaupun praktek nya banyak banget iya nama juga smk sih wkwkw
Positif,2021,berkas untuk sekolah negeri tahun kemarin dasar alam saya daftar keponakan saya di sd negeri kalau di jakarta sudah bisa online system ppdb di jakarta sudah bagus nada juga tahap daftar ulang telah itu ini saya tidak tahu proses bagaimana orang tua yang urus
Negatif,2022,bagus sich sayang perata biaya didik dari apbn dan apbd belum adil harus semua siswa yang aju diri untuk sekolah lewat ppdb perintah provinsi jakarta layan semua kalau kuota negeri kurang alih kah swasta di subsidi terus jangan yang punya kjp dan pip saja
Negatif,2022,perata biaya didik yang sumber dari apbn dan apbd belum adil harus semua siswa yang aju diri lewat ppdb kah perintah provinsi jakarta harus layan semua jika kuota negeri kurang maka alih kah sekolah swasta yang mau terima pembiayaansubsidi
Negatif,2022,ingat gasihhh pas ppdb juga orang tua sudah demo gasih tapi perintah bahkan ketawa tidak peduli seperti beneran pas lagi unjuk rasa diketawain dan dibodohin gitu di depan para demo ini demi ajar loh perintah memang jahat itu iya kalgasal waktu itu pas demo kah dinas didik jakarta
Negatif,2022,kemendikbud walaupun angkat akan jadi coba nntinya hahaha semangat iya karena jujur saya masuk smk juga karena coba tertawa yang orang jakarta tahu lah iya bagaimana kacau ppdb jakarta so iya sudah cukup ppdb yang jadi hal saya waktu itu kecewa sama sistem
Negatif,2022,highschool in jakarta highschool in jakarta saya tolak ppdb daerah khusus ibukota ancrit
Negatif,2022,bukan bagamana ygy sman jakarta rangking mnrt saya pun masih tetap segani soal akan sekolah negeri sekarang sudah random gara sistem ppdb yang tidak jelas tapi tetap masih bisa masuk top iya masih bagus tadi nya saya tidak berekspektasi takut nurun jadi rank gitu anjing
Negatif,2022,tangerang oasu ppdb jakarta nolak saya akan jadi tidak bisa ikut trend high school in jakarta sudah lama tapi tetap saja sakit masih asa men
Negatif,2022,kalau negeri iya tahun kalau swasta siap anak dan ntambahan informasi saja di jakarta ntahun ajar baru ini turut sistem ppdb sodaraku yang umur tahun tendang dari daftar siswa karena ada yang umur tahun baru masuk sd bukan based rayon lagi utama based umur cobaaa
Negatif,2022,anda dana itu bisa bantu anak saya masuk sekolah sedih iya tuhan karena anak bodoh dan umur muda tidak dapat sekolah negeri padahal karena bodoh makanya saya sekolah ppdb jakarta sangat sakit hati saya bagai orgtua tunggal moga perintah provinsi dkibisa beri solusi untuk anak kami
Negatif,2022,gonta ganti bijak ppdb jakarta nilai banyak timbulkanpersoalan
Negatif,2022,juang ppdb jakarta yang belum lolos menang saja tidak apa saya juga ngerasain bagaimana tidak adil sistem sama kita yang sudah usaha maksimal mungkin semangat teman nilai tinggi percuma nyata tertawa
Negatif,2022,ppdb jakarta mohon tidak jelas banget
Negatif,2022,iyanih kayak error melulu web ppdb jakarta dari kemarin ngeselin juga
Negatif,2022,ppdb zonasi jakarta kemarin anjing nama saya pas awal awal ada di pilih pertama terus iseng lihat dua pilih saya yang lain tidak ada uang nama saya pas balik kah pilih pertama kok sudah tidak ada uang yah bolak balik scroll atas bawah dan refresh tetap tidak ada uang anjing panik akan main
Negatif,2022,tidak terima soal ppdb kunyuk jakarta tidak pakai nilai cuma zonasi sama umur
Negatif,2022,ppdb jakarta ingin saya bantai masih kesel banget saya
Negatif,2022,ppdb jakarta harus tahun anjirr saya yang tahun bulan utg di jawa barat
Negatif,2022,tidak adil banget najis ppdb zonasi jakarta masa yang udaa tua pada masuk sama tidak logiss banget anak yang harus masuk sama bahkan pada tendang masa kita harus tunggu tahun depan buat masuk sama negeri akan gila mau sampai kapa sistem nya seperti begini
Negatif,2022,ombudsman jakarta raya disdik daerah khusus ibukota jakarta gagal tanggulang histeria publik hadap ppdb lalu berita
Negatif,2022,dilema ppdb sekolah negeri jakarta numur tahun pada daftar sama negeri numur tahun pada daftar smp negeri numur di bawah nya pada geser kalau mereka daftar nnilai raport akademik kalah sama umur
Negatif,2022,dilema ppdb sekolah negeri jakarta rangking besar juara kelas juara sekolah banyak yang belum terima periode ppdb sekarang kalah sama yang punya title juara lomba atau yang punya kartu kjp
Negatif,2022,ppdb jakarta hancur banget buset
Negatif,2022,dua minggu lagi masuk sekolah dan nyata adik saya tidak terima di sekolah negeri karena sistem ppdb jakarta yang tidak masuk akal
Negatif,2022,ppdb zonasi jakarta knpsih masa teman saya harus masuk swasta gara halang umur saja padahal nilai dia trmsuk tinggi marah banget
Negatif,2022,tolong saya tidak mau gap year lagi ppdb jakarta tolong be bagus to me
Negatif,2022,ppdb jakarta jalur zonasi kenapa pada tua tua nich
Negatif,2022,sistem ppdb jakarta resah
Negatif,2022,drama ppdb online daerah khusus ibukota jakarta kembali sudah part kaya neeehh hiks hiks ketika anak dengan nilai tinggi kalah dengan anak dengan umur tinggi
Negatif,2022,ppdb jakarta kenapa tua tua banget anjing
Negatif,2022,di sama jakarta ada yang tahun kalau kata ibu saya tahun kawin saja tidak perlu daftar sama
Negatif,2022,ade nin tidak nyangkut di skolah negeri ggra klah umur mau maraaaaahhhh ppdb daerah khusus ibukota jakarta gajelaassss fakultas
Negatif,2022,ppdb jakarta seperti kotor
Negatif,2022,tidak adil ppdb zonasi jakarta
Negatif,2022,ppdb jakarta error parah ajsnnsjsjw
Negatif,2022,website ppdb jakarta cacat ngecrash melulu kaya lagi perang tiket padahal saya dari jam banget standby
Negatif,2022,web ppdb jakarta hancur ygy
Negatif,2022,apakah ada masalah pagi ini sulit sekali untuk akses web ppdb jakarta
Negatif,2022,ppdb jakarta ini kenapa gagal melulu iya padahal jaring aman kok
Negatif,2022,ini ppdb jakarta kenapa lemah otak bgttt
Negatif,2022,web ppdb jakarta mengapa beginiii
Netral,2022,untuk penuh butuh masyarakat dapat layan paud dinas didik provinsi daerah khusus ibukota jakarta buka layan ppdb tahun ajar di satu paud negerivtersebar di jakarta dengan jumlah minat yang daftar kah satu paud negeri tingkat dari tahun belum
Netral,2022,untuk penuh butuh masyarakat dapat layan paud dinas didik provinsi daerah khusus ibukota jakarta buka layan ppdb tahun ajar di satu paud negerivtersebar di jakarta dengan jumlah minat yang daftar kah satu paud negeri tingkat dari tahun belum
Netral,2022,yaallah allahu akbar ngue nyesel banget kenapa pas ppdb dahulu saya tidak milih sman atau sman jakarta nsekarang rasa nyesel dan rasa salah ampun besar banget
Netral,2022,terima serta didik baru ppdb online sama fons vitae marsudirini koja jakarta utara tahun
Netral,2022,ehhh akt afirmasi pakai umur iya untuk ppdb jakarta waktu aku akt tidak pakai umur sih soal aku afirmasi liat hanya prio zona waktu
Netral,2022,saya lihat di web ppdb jakarta walaupun sudah pakai zonasi tetapi urut pakai nya nilai akhir beda dengan jawa barat tengah timur yang zonasi mungkin banyak pakai jarak
Netral,2022,di jakarta pas ppdb sudah zonasi tapi waktu itu masih ada jalur non zonasi terus masih pakai nem atas masuk pakai umur jadi kayak di jakarta ubah baru lihat tahun depan sih
Netral,2022,harus sih pengaruh iya nder tapi bukan di jakarta itu baru mulai ppdb non un angkat iya jadi turun angkat harus bukan karena ppdb non un
Netral,2022,jakarta ppdb tidak pakai zonasi jadi pada naik
Netral,2022,jangan di daerah di jakarta saja masih ada orang tua yang gagap teknologi karena pernah saat saya lagi antri token buat isi data ppdb pertama kali tahun ada orang tua yang melas kah tugas minta dibantuin input data karena gagap teknologi bagaimana yang di daerah apalagi di area non signal kok tidak ada yang mikir iya
Netral,2022,hallo sabtu agustus pukul untuk pkbm negeri tahap rupa batas akhir lapor diri ppdb tahun dan njangan lupa bagi informasi ini kah teman mu yang butuh iya dan dan
Netral,2022,catat ini link daftar ppdb pkbm tahap tahun daerah khusus ibukota jakarta
Netral,2022,daftar ppdb pkbm tahap di daerah khusus ibukota jakarta resmi buka simak jadwal
Netral,2022,kakak kakak kelas yang kemarin ikut ppdb jakarta terus ngegunain urus ekstrakulikuler itu perlu surat di lantik atau surat akhir begitu tidak si kaya urus osis
Netral,2022,hallo ikut jadwal daftar ppdb pkbm negeri tahap tahun dan njangan lupa bagi informasi ini kah teman mu yang butuh iya dan dan
Netral,2022,hallo ikut jadwal daftar ppdb pkbm negeri tahap tahun dan njangan lupa bagi informasi ini kah teman mu yang butuh iya dan dan
Netral,2022,hallo hari ini rabu agustus pukul untuk pkbm negeri tahap rupa batas akhir lapor diri ppdb tahun dan njangan lupa bagi informasi ini kah teman mu yang butuh iya dan dan
Netral,2022,hallo ikut jadwal lapor diri ppdb pkbm negeri tahap i tahun dan njangan lupa bagi informasi ini kah teman mu yang butuh iya dan dan
Netral,2022,tidak di jakarta saja kota kota lain juga banyak tambah sama sistem ppdb yang seperti sekarang
Netral,2022,giat asn pada pusat latih kerja daerah jakarta timur ikut podcast rabu ajar episode kah dengan tema terima serta didik baru ppdb lalu kanal youtube jakarta public policy center bpsdm daerah khusus ibukota jakarta selenggara oleh bpsdmprovinsi daerah khusus ibukota jakarta
Netral,2022,mungkin tidak diterapin di jakarta kalau ppdb sekolah negeri itu sudah zonasi arti harus yang satu camat gitu iya sama sekolah tapi kurang vaham juga sih kayak masih ada yang tinggal jauuh
Netral,2022,bagi orang tua atau wali yang sah dari siswa yang ingin daftar anak di jalur zonasi zonasi siswa baru ppdb daerah khusus ibukota jakarta untuk smp dan sama tahun harap acu
Netral,2022,deobitna proudly present ppdb jalur playlist resah jacob in jakarta ayo temennya diajakin daftar dan
Netral,2022,iyaaa tapi tangerang sama jakarta memang samaaa maksud kamu sudah tauu belum sistem ppdb tangerang gimanaaaa apa sama saja
Netral,2022,hahahaha haloo aku kakel mts kamu ngomong-ngomong tapi aku tidak jadi daftar di sana karena tahun kemarin ppdb sama jakarta tidak nerima kakak tangerang
Netral,2022,hallo hari ini jumat juli pukul rupa batas akhir lapor diri ppdb tahun cara daring dan njangan lupa bagi informasi ini kah teman mu yang butuh iya dan dan
Netral,2022,hallo hari ini jumat juli pukul rupa batas akhir lapor diri ppdb tahun cara daring dan njangan lupa bagi informasi ini kah teman mu yang butuh iya dan dan
Netral,2022,sur sur liaatt sudah sur tertawa ncr ppdb jakarta
Netral,2022,cara lapor diri ppdb jakarta tinggal klik
Netral,2022,hallo ikut jadwal lapor diri ppdb tahun cara daring dan njangan lupa bagi informasi ini kah teman mu yang butuh iya dan dan
Netral,2022,ppdb sama sama smk daerah khusus ibukota jakarta tahap akhir dan cara lapor diri
Netral,2022,hallo ikut jadwal lapor diri ppdb tahun cara daring dan njangan lupa bagi informasi ini kah teman mu yang butuh iya dan dan
Netral,2022,ppdb sd daerah khusus ibukota jakarta tahap tiga link umum dan cara lapor diri
Netral,2022,ppdb jakarta sudah tutup akan ini tidak bisa daftar lagi kann
Netral,2022,ppdb mtsn man daerah khusus ibukota jakarta tahap akhir link umum dan cara lapor diri
Netral,2022,ppdb mtsn man daerah khusus ibukota jakarta tahap akhir link umum dan cara lapor diri
Netral,2022,alam ikut ppdb online daerah khusus ibukota jakarta part
Netral,2022,mau tanya apakah bisa ikut ppdb depok jika kakak daerah khusus ibukota jakarta tapi tinggal daerah cere mohon info apa saja syarat dan jalur mana yang harus diikiuti terima kasih
Netral,2022,aku cuma nyeritain soal tim coach saya yang siap buat igt terus si emak nyeletuk kamu tidak ikut kah jakarta juga nbusetdah kata join igt seperti ppdb sama apa menang banget
Netral,2022,ppdb sama hang tuah jakarta sudah tutup selamat gabung di sama hang tuah jakarta dan dan
Positif,2022,bu di pulau ribu itu sama nya cara fisik bagus tapi kalau liat di ppdb banyak yang tidak daftar ulang mau usul kenapa tidak buat kayak sama unggul saja yang pakai asrama jadi calon siswa dari jakarta tidak perlu khawatir untuk daftar sana
Positif,2022,baik sistem zonasi ppdb daerah khusus ibukota jakarta indikasi numpang kakak banyak laku nhapuskan lurah langsung camat saja lalu sort pakai waktu daftar dan pilih sekolah boleh tambah nilai ipk umur hapus dan dan
Positif,2022,benar semua hal harus syukur cuma if i could do this waktu ppdb saya harus tetap milih sekolah di jakarta apa itu sekolah asal di jakarta
Positif,2022,wakil gubernur daerah khusus ibukota sebut sistem ppdb di jakarta tingkat kualitas siswa dan sekolah dan dan
Positif,2022,wakil gubernur daerah khusus ibukota jakarta ahmad riza patria klaim sistem terima serta didik baru ppdb saat ini hasil tingkat kualitas murid dan sekolah
Positif,2022,saat akhir ppdb ulang tahun telah ayah benar usaha dengan keras agar aku sekolah negeri dan akhir aku bisa masuk kah makin favorite di jakarta bahkan besar di indonesia aku menang lompat dengan sahabat karena bisa sekolah lagi telah tahun kerja
Positif,2022,kak min sori link lapor diri nya di mana saya cari cari di website ppdb jakarta tidak ketemu juga mesti kasih kolom button khusus lapor diri telah kolom pantau hasil seleksi supaya mudah tolong kasih link yang benar terima kasih
Positif,2022,buset ppdb tangerang japresnya tidak bisa liat hasil seleksi di webnya curiga pada nyogok tertawa buset deh bang asa kemarin jakarta tidak gitu banget sudah jakarta mana berani begini tertawa kepseknya langsung panggil kali
Positif,2022,kenapa sistem ppdb online banten tidak kayak daerah khusus ibukota jakarta iya semua serta tampil di web terima gaknya clear lihat karena nilai raport lihat peluang suap juga susah tapi kalau tutup ujug umum apa yang jadi di balik itu yang bisa jadi tidak fair
Positif,2022,saya turut prihatin apabila adik ini harus gap year lama tahun dan nnamun usul soal zonasi harus sampai kah gubernur daerah khusus ibukota jakarta dan bukan kah admin ppdb sebab meta zonasi tetap oleh atur gubernur ada nomor dan nadmin ppdb tidak bisa apa apa juga sih
Positif,2022,kalau ppdb jakarta ada sekolah unggul dan nilai bagus
Positif,2022,turut saya usaha nder saya pindah kakak buat sekolah gara-gara keluarga tidak ada uang buat sekolah jadi mau tidak mau cari sekolah yang gratis iya jakarta saja jadi pindah ngomong-ngomong nder ngurusnya gratis kok cuma bayar fc data saja lagi saya pindah pas belum ada sistem ppdb zonasikok tertawa
Positif,2022,sandang disabilitas juga bisa ikut ppdb sama daerah khusus ibukota jakarta kok dan dan
Positif,2022,ppdb jakarta japres lolos seleksi dan lulus di smp juga huhuhu puji tuhan syukur sangat nbuat teman yang belum lolos seleksi ppdb japres moga di jalur afirmasi zonasi bisa terima di sama yang ingin aaamiiinnnn ngood luck teman semangat
Positif,2022,alhamdulillah terima ppdb jakarta jalur prestasi walaupun bukan di sama yang saya bayang tapi ini cukup untuk saya nthanks god
Positif,2022,hari pertama ppdb daerah khusus ibukota jakarta jalan lancar dan dan
Positif,2022,komisi lindung anak indonesia ppdb jakarta jalan lancar lupa password akun dominasi masalah di poskoppdb
Positif,2022,moga lolos ppdb gel jakarta moga juga kakak jauh dari sial lancar dan mudah dalam segala urus aamiin rajin doa saja kak semangat jangan nyerah njaga sehat iya banyak makan minum istirahat bagus luck have a bagus day
Positif,2022,salut sih sama yang bikin presentil akademik ppdb daerah khusus ibukota jakarta tahun ini bisa detail itu dalam hitung presentil akademik nilai akademik nilai non akademik akreditasi peringkat angkat semua ramu jadi satu nilai untuk wakil ikut jalur prestasi
Positif,2022,kalau ada yang sulit ppdb daerah khusus ibukota jakarta bisa japri aku yaaa karena lagi stand by depan laptop juga bantuin sodara
Positif,2022,ppdb jalur zonasi beda dengan jalur afirmasi kjp dan kawan njalur ini ada karena aspirasi keluh warga di sekitar sekolah tapi dapat sekolah yang jauh nutk jakarta kota besar mungkin tidak masalah karena jml sekolah banyak jarak cukup rapat tapi di daerah ada yang harus keluar wil kabupaten
Positif,2022,demi mudah orang tua murid posko layan ppdb wilayah ii jakarta barat akan sedia laptop
Positif,2022,demi mudah orang tua murid posko layan ppdb wilayah ii jakarta barat akan sedia laptop
Positif,2022,ombudsman jakarta raya minta agar seluruh pihak agar sama sama jaga integritas laksana ppdb dan nkira kira apa saja yang sering kalian alami ketika laksana ppdb
Positif,2022,tapi memang iya sih miin ppdb banten itu tidak transparan tidak kaya ppdb jakarta dan yang harus sekolah negeri itu tidak boleh siswa kelas tapi nyata banyak sekolah negeri satu kelas sampai orang siswa
Positif,2022,informasi ppdb jakarta mulai cari purwosusilo sistem lebih variatif tara masyarakat
Positif,2022,guna hindar salah serta hal yang tidak ingin suku dinas didik wilayah jakarta pusat gencar sosialisasi mekanisme daftar ppdb kepada orang tua murid dan dan dan dan dan dan dan
Positif,2022,perintah provinsi daerah khusus ibukota jakarta nyata terima serta didik baru ppdb daring lebih variatif demi bentuk kualitas didik yang lebih baik dan dan
Positif,2022,selain cari informasi aku saranin kamu ikut ppdb jakarta juga karena kalau ppdb banten sistem nya turut ku kurang transparan jadi gantung hoki terus kalau ppdb banten itu pas seleksi nya kita tidak bisa lihat tapi kalau ppdb jakarta kita bisa pantau lewat web begitu
Positif,2022,wakil gubernur daerah khusus ibukota jakarta ahmad riza patria kata selenggara terima serta didik baru ppdb akan jalan makin baik
Positif,2022,saya ppdb jakarta pakai jalur luar kota alhamdulillah langsung terima pil nder tidak geser padahal umur nya masuk muda tidak tahu si ini diitung apa tidak
Positif,2022,didik adalah tanggung jawab kita sama maka dari itu dinas didik daerah khusus ibukota jakarta sangat harga semua masuk dalam tahap susun bijak ppdb tahun ajar
