klasifikasi,tahun,Text_bersih
Negatif,2018,jakarta penerapan sistem zonasi sekolah penerimaan peserta didik ppdb berbuntut daerah orangtua mendaftarkan anak anaknya kah
Negatif,2018,jakarta dipikirin demo ppdb pakai sistem zona hubungannya svt coba
Negatif,2018,jalur afirmasi jakarta dibuktikan rekening bank calon siswa penerima kjp membawa sktm bersaing nilai penerima kjp ndaftar tersingkir kah sekolah swasta terima siswa pengumuman ppdb
Negatif,2018,pengumuman bangku kosong tahap jalur domisili daerah khusus ibukota jakarta tingkat diakses ppdb online min jadwal tanggal juli wib cari web ppdb
Negatif,2018,ppdb provinsi jateng diulas jalur afirmasi kjp jakarta tahap dibatasi maksimal orang sekolah kesalahan prosedur
Negatif,2018,ppdb online jakarta mas diterima jalur afirmasi penerima kjp nilainya banget masuk favorit nem dibawah masuk smtr anakku jurusan
Negatif,2018,protes terkait rumitnya proses ppdb daerah khusus ibukota jakarta sosialisasi pendaftaran
Negatif,2018,protes terkait rumitnya proses ppdb daerah khusus ibukota jakarta sosialisasi pendaftaran
Negatif,2018,protes terkait rumitnya proses ppdb daerah khusus ibukota jakarta wali murid memprotes sosialisasi pendaftaran keluhannya
Negatif,2018,memperjuangkan nilai anak kesulitan ditambah zonasi terbuka wilayah jatinegara nyata jakarta timur dimana letak keadilan putra putri mohon ppdb online lokal tertutup berharap
Negatif,2018,pengalaman ppdb daerah khusus ibukota iya konon daerah sehat prakteknya mengukur jarak alamat sesuai kakak kah sekolah pertimbangan daerah khusus ibukota angka usia belajar kah praktek ppdb jakarta
Negatif,2018,nilai un kali revisi ppdb online disii jakarta timur zona lokal jakarta selatan meliputi jakarta timur
Negatif,2018,smk jakarta terdaftar ppdb online dibeberapa jurusan tercantum syarat badan salah contohnya jurusan bisnis daring pemasaran sayang kesempatan masuk jurusan terkendala badan
Negatif,2018,mohon dievaluasi sistem ppdb smp daerah khusus ibukota warga daerah khusus ibukota sekolah daerah khusus ibukota jakarta selatan fair kondisi pendaftar sekolah daerah khusus ibukota mengikuti seleksi kondisi hasil usbn daerah khusus ibukota nilainya
Negatif,2018,mohon dievaluasi sistem ppdb smp daerah khusus ibukota warga daerah khusus ibukota sekolah daerah khusus ibukota jakarta selatan fair kondisi pendaftar sekolah daerah khusus ibukota mengikuti seleksi kondisi hasil usbn daerah khusus ibukota nilainya
Negatif,2018,mohon dievaluasi sistem ppdb smp daerah khusus ibukota warga daerah khusus ibukota sekolah daerah khusus ibukota jakarta selatan fair kondisi pendaftar sekolah daerah khusus ibukota mengikuti seleksi kondisi hasil usbn daerah khusus ibukota nilainya
Negatif,2018,pendaftaran ppdb bikin bingung kepala sekolah sman jakarta
Negatif,2018,jarak komponen dihitung ppdb daerah khusus ibukota siswa daerah khusus ibukota berbondong mendaftar kah fav letaknya kota jakarta nilai menentu rumah papua
Negatif,2018,jalur kota ppdb daerah khusus ibukota sekolah berbatasan kota menembus batas zonasi banget anak jakarta dibatasi zonasi kasian anak jakartanya
Negatif,2018,permendikbud mengatur zonasi minimal ppdb jakarta menerapkan lokal nilai un diutamakan
Netral,2018,come and join us at ppdb smk telekomunikasi jakarta smk telekomunikasi jakarta sekolah keren menerapkan budaya redi ccp character content process berbasis gitu olah raga
Netral,2018,come and join us ppdb smk telekomunikasi jakarta smk telekomunikasi jakarta sekolah keren menerapkan budaya redi ccp character content process berbasis gitu olah raga
Netral,2018,promosi ppdb tiada henti silaturahmi promosi kah mts smpn disambut hangat kepala sekolah waka siswa siswi smp mts antusias smk telekomunikasi jakarta sekolah
Netral,2018,ngobrol lulus now what kah jakarta stay disana tdnya jakarta gajadi tertawa eh pas jakarta haris menghubungi kabar perkembangan ppdb
Netral,2018,pendaftaran ppdb pelajaran dibuka gelombang ayo daftar ikuti jalurnya hafizh qur an sd muhammadiyah jakarta tempatnya informasi
Netral,2018,passing grade hasil ppdb smk daerah khusus ibukota jakarta
Netral,2018,informasi ppdb menghubungi telepon hunting extension sd smp smk smk
Netral,2018,ppdb sdn daerah khusus ibukota jakarta sertakan kia
Netral,2018,ppdb sdn daerah khusus ibukota jakarta sertakan kia
Netral,2018,ppdb sd daerah khusus ibukota jakarta pakai kartu identitas anak
Netral,2018,selamat sore admin publik mengunduh database arsip ppdb daerah khusus ibukota jakarta
Netral,2018,team ppdb persentasi smpn antusias siswa siswi smpn smk telekomunikasi jakarta sekolah keren menerapkan budaya redi ccp character content process berbasis gitu
Netral,2018,team ppdb persentasi smpn antusias siswa siswi smpn smk telekomunikasi jakarta sekolah keren menerapkan budaya redi ccp character content
Netral,2018,kepala dinas pendidikan kebudayaan tangsel bantah korupsi terkait ppdb simpetas
Netral,2018,kepala dinas pendidikan kebudayaan tangsel bantah korupsi terkait ppdb simpetas
Netral,2018,passing grade hasil ppdb smk daerah khusus ibukota jakarta blog
Netral,2018,online jakarta diminati calon siswa smp
Netral,2018,passing grade hasil ppdb daerah khusus ibukota jakarta blog
Netral,2018,meeting staff gama school perencanaan pembukaan ppdb siswa jalan alur laut rawabadak koja jakarta utara daerah khusus ibukota jakarta indonesia
Netral,2018,presentasi kah mts asy syukriyyah tim ppdb smk telekomunikasi jakarta sekolah keren menerapkan budaya redi ccp character content process berbasis gitu olah raga olah olah rasio
Netral,2018,presentasi kah mts asy syukriyyah tim ppdb smk telekomunikasi jakarta sekolah keren menerapkan budaya redi ccp character content process berbasis gitu olah raga
Netral,2018,ppdb ta smk sint joseph jakarta
Netral,2018,ujian saringan masuk ppdb smk telekomunikasi jakarta tahap rangka menjaga kualitas tahapan ujian meliputi tes akademis psikotes wawancara sekolah keren
Netral,2018,passing grade hasil ppdb smp daerah khusus ibukota jakarta blog
Netral,2018,video kah playlist motion graphic ppdb daerah khusus ibukota karya smk jakarta multimedia
Netral,2018,kabid smp disdikbud tangsel kendala pendaftaran ppdb tribun jakarta
Netral,2018,pendaftaran gelombang dibuka mari bergabung
Netral,2018,informasi ppdb sds regina pacis jakarta
Netral,2018,ppdb smk telekomunikasi jakarta penerimaan peserta didik ta dibuka informasi smk telekomunikasi school jakarta
Netral,2018,ombudsman perwakilan jakarta raya menemukan dugaan pelanggaran maladministrasi penerimaan peserta didik ppdb online bogor depok bekasi
Netral,2018,informasi pendaftaran ppdb smk telekomunikasi jakarta ta keterangan silahkan hubungi petugas ppdb nomor nomor prosedur
Positif,2018,puji tuhan si bontot tulis wag keluarga guise sosyel all the way hasil pengumuman ppdb st ursula jakarta anak sos is coming from the hartantos adikmu alamat twtitter opo sih
Positif,2018,radar bogor sleman apresiasi ppdb sistem zonasi jakarta radar bogor men
Positif,2018,dilayani denga posko ppdb online daerah khusus ibukota jakarta admin memantau proses pelayanan posko
Positif,2018,admin memantau kunjungan gubernur daerah khusus ibukota jakarta posko ppdb online daerah khusus ibukota jakarta alhamdulillah ppdb daerah khusus ibukota jakarta berjalan lancar aman terkendali
Positif,2018,ppdb online smpn kota bekasi aktif update nya jul wib update jakarta loh update menit
Positif,2018,ppdb smp online kabupaten bekasi dipaksakan tetangga kota bekasi jakarta lancar informatif update
Positif,2018,iya webnya minim informasi bandingkan web
Positif,2018,kartu jakarta pintar ngotot daftar ppdb online diterima gamungkin papa mama ngalangin sekolah ngotot kerja jualan kue sekolah bantu kantin kerja partime waiter
Positif,2018,alhamdulillah ppdb negeri tahap selesai yartika diterima negeri jakarta
Positif,2018,sore jam ppdb jakarta tahap jalur lokal sman ditutup dinyatakan kandidatnya terima keren proses seleksinya
Positif,2018,ppdb penerimaan peserta didik online salah prestasi riil beliau gubernur daerah khusus ibukota jakarta pelaksanaan ppdb online bagus amp pungli sayang ppdb online gratis terlaksana daerah daerah khusus ibukota
Positif,2018,enak banget ppdb jakarta apakabar negeri diitung jari
Positif,2018,overload servernya tenggang diperpanjang jakarta bagus ppdb
Positif,2018,penjelasan pemerintah daerah jakarta berkomitmen anak imunisasi pemerintah daerah anak gagal sekolah imunisasi ppdb screening riwayat calon murid jalan
Negatif,2019,presiden terbaik seumur hidupku iya ppdb daerah khusus ibukota jakarta provinsi indonesia pakai sistem zonasi kasihan sekolah dinegri kebijakan jokowi sekolah gratis
Negatif,2019,iya ppdb daerah khusus ibukota jakarta provinsi indonesia pakai sistem zonasi kasihan sekolah dinegri kebijakan jokowi yaitus sekolah gratis
Negatif,2019,iya rekapin hasil ppdb jakarta bocahnya kelas hahaha
Negatif,2019,ombudsman sesalkan daerah khusus ibukota jakarta terapkan ppdb zonasi
Negatif,2019,ombudsman sesalkan daerah khusus ibukota jakarta terapkan ppdb zonasi
Negatif,2019,ombudsman sesalkan daerah khusus ibukota jakarta terapkan ppdb zonasi
Negatif,2019,anaknya ikutan ppdb sekolah negeri emak emaknya dag dig dug memantau pergerakan hasil seleksi kayak pergerakan harga saham jakarta seleksi berdasar nilai un berbeda daerah mengutamakan jarak rumah
Negatif,2019,celah dizonasi asli tetapi palsu versi ppdb online perpindahan orang tua wali dicermati kakak jakarta sekolah semarang masuk akalkan disemarang kecuali sekolah smp jakarta
Negatif,2019,dear admin jadwalnya ppdb smp non zonasi daftarkan anak iya error warning jalur diperuntukkan cpd domisili propinsi daerah khusus ibukota jakarta domisili daerah khusus ibukota mohon bantuannya
Negatif,2019,dewan perwakilan rakyat kritisi praktik manipulasi domisili zonasi ppdb jakarta edunews id pelaksanaan penerimaan peserta didik ppdb mekanisme zonasi membuka ruang praktik manipulasi domisili pelaksanaan ppdb diawasi dievaluasi
Negatif,2019,timbulkan polemik sistem zonasi ppdb meredam kerisuhan peneliti center for indonesian policy studies pemerintah menghapuskan stigma sekolah favorit sekolah non favorit jakarta mediamerdeka co pemerintah mengevaluasi
Negatif,2019,suka sistem ppdb memprioritaskan zonasi ngerasa adil kartu keluarga jakarta pindah kakak
Negatif,2019,ombudsman menilai pemerintah provinsi daerah khusus ibukota jakarta maladministrasi terkait ppdb
Negatif,2019,kah posko ppdb jakarta timur penerima kjp daftar zonasi afirmasi infonya data dukcapil amp sistem zonasi sinkron tolong admin penjelasan nya
Negatif,2019,petunjuk teknis ppdb jakarta jakarta mengutamakan sistem zonasi diatur permendikbud
Negatif,2019,ombudsman daerah khusus ibukota jakarta lakukan maladministrasi ppdb
Negatif,2019,posko ppdb jakarta selatan berpusat sman kebayoran ramai dikunjungi orang tua murid orang tua murid mengeluhkan perbedaan data nik verifikasi data tahapan pendaftaran ppdb online jalur zonasi
Negatif,2019,dinilai bohongan kadisdik daerah khusus ibukota ppdb sistem zonasi jakarta adil
Negatif,2019,oohh pendaftaran ppdb jakarta goodluck iya proses pendaftaran sekolah ngomong-ngomong disekolah kampus berprestasi ranking menang lomba ipk nya huahaha doong
Negatif,2019,oohh pendaftaran ppdb jakarta goodluck iya proses pendaftaran sekolah ngomong-ngomong disekolah kampus berprestasi ranking menang lomba ipk nya huahaha doong
Negatif,2019,oohh pendaftaran ppdb jakarta goodluck iya proses pendaftaran sekolah ngomong-ngomong disekolah kampus berprestasi ranking menang lomba ipk nya huahaha doong
Negatif,2019,oohh pendaftaran ppdb jakarta goodluck iya proses pendaftaran sekolah ngomong-ngomong disekolah kampus berprestasi ranking menang lomba ipk nya huahaha doong
Negatif,2019,oohh pendaftaran ppdb jakarta goodluck iya proses pendaftaran sekolah ngomong-ngomong disekolah kampus berprestasi ranking menang lomba ipk nya huahaha doong
Negatif,2019,oohh pendaftaran ppdb jakarta goodluck iya proses pendaftaran sekolah ngomong-ngomong disekolah kampus berprestasi ranking menang lomba ipk nya huahaha doong
Negatif,2019,jarak memisahkan fergusoo nikah sesuai zonasi zona kelurahan cimahi cimtizen
Negatif,2019,membicarakan ppdb berhubung jujur sih mengerti sistemnya sih sistem daerah khusus ibukota berbeda sistem daerah daerah zonasi mempedulikan nem jakarta main nem
Negatif,2019,merengking ppdb online daerah khusus ibukota jakarta memenuhi aturan keterangan gambar nilai inisial siswa nilai inisial siswa seleksi tayang online inisial tayang
Negatif,2019,pindah domisili lolos sistem zonasi ppdb jakarta sia sia
Negatif,2019,frustrasi ppdb jakarta
Negatif,2019,mohon dipantau pelaksanaan ppdb daerah khusus ibukota jakarta menitik beratkan nilai un langsung sman perkirakan merata daerah khusus ibukota sistem zonasi keadilan pemerataan kwalitas pendidikan
Negatif,2019,setauku iya pas daftar adik sekolah zonasi jakarta nem nya berlaku sekolahnya dipilihin orang ppdb nya rumah kecamatan gambir iya sekolahnya bisanya daerah situ kah kecamatan cawang gituu saingannya pakai nem
Negatif,2019,ppdb daerah khusus ibukota jakarta kacau sekolah
Negatif,2019,to admin maaf sistem zonasi seleksi masuk ppdb sman jakarta barat berdasarkan jarak rumah kah selokah tujuan terdekat grading by nilai tertinggi orang tua murid sistem zonasi ttpby nilai
Negatif,2019,ppdb jalur zonasi jakarta diwarnai keluhan pelayanan
Negatif,2019,ppdb online si sulung jakarta timur lancar pendaftaran jalur jalur sekecamatan prestasi antri sesuai nomor masuk input nilai verifikasi tinggal tunggu real time anak masuk horror iya
Negatif,2019,orang tua keluhkan proses ppdb sistem zonasi jakarta
Negatif,2019,case anak istri tinggal semarang anak sekolah sd semarang kakak jakarta kesempatan daftar ppdb lebih baik kesempatan daftar kalah dipenyisihan nilainya fair
Negatif,2019,notice besok ppdb jakarta dibuka zonasi dihapus ppdb ulang nilai bagus mati matian belajar keluarin uang hasilnya bodoh lebih baik tidak perlu sekolah biar pendidikan indonesia bobrok
Negatif,2019,ganti model ppdb bingung orang pandai jakarta dunia pendidikan uji coba sistem ayo kah bimbingan ki dewantoro
Negatif,2019,orangtua murid nilai sistem zonasi ppdb adil
Netral,2019,pengantaran prakerin jakarta ppdb dibuka pendfataran
Netral,2019,smp muhammadiyah jakarta jalan tebet timur ii nomor tebet jakarta selatan jakarta selatan informasi penerimaan peserta didik ppdb pelajaran smp muh
Netral,2019,besok juni ppdb madrasah daerah khusus ibukota jakarta diumumkan
Netral,2019,prestasi simak mendaftar ppdb daerah khusus ibukota jakarta jalur prestasi
Netral,2019,prestasi simak mendaftar ppdb daerah khusus ibukota jakarta jalur prestasi
Netral,2019,syarat lengkap ppdb online jenjang smp daerah khusus ibukota jakarta
Netral,2019,besok juni ppdb madrasah daerah khusus ibukota jakarta diumumkan
Netral,2019,smp muhammadiyah jakarta jalan tebet timur ii nomor tebet jakarta selatan jakarta selatan informasi penerimaan peserta didik ppdb pelajaran smp muh
Netral,2019,pendaftaran ppdb online sd provinsi daerah khusus ibukota jakarta
Netral,2019,simak ketentuan jadwal jalur zonasi ppdb daerah khusus ibukota jakarta
Netral,2019,hasil ppdb madrasah man daerah khusus ibukota jakarta diumumkan cek
Netral,2019,ppdb smk santa theresia jakarta
Netral,2019,passing grade hasil ppdb smp daerah khusus ibukota jakarta
Netral,2019,jurusan bahasa ppdb daerah khusus ibukota jakarta
Netral,2019,prestasi simak mendaftar ppdb daerah khusus ibukota jakarta jalur prestasi
Netral,2019,hasil ppdb madrasah man daerah khusus ibukota jakarta diumumkan cek
Netral,2019,besok juni ppdb madrasah daerah khusus ibukota jakarta diumumkan
Netral,2019,syarat lengkap ppdb online jenjang smp daerah khusus ibukota jakarta
Netral,2019,informasi traffic management center tmc kepolisian daerah metropolitan jaya pagi tercatat melaporkan aksinya aliansi parlemen jalanan srmi lmnd fnpbi ppdb spartan seniman jakarta papernas iisip dan lain-lain tua maunya disuapin
Netral,2019,syarat lengkap ppdb online jenjang smp daerah khusus ibukota jakarta
Netral,2019,dibilangin pindah kah jakarta mbak rinrin riweuh melulu ppdb
Netral,2019,passing grade hasil ppdb daerah khusus ibukota jakarta blog
Netral,2019,mari bergabung generasi generasi qur ani
Netral,2019,teman teman sekolah charitas jakarta buka ppdb pemelajaran ayo mendaftar ketinggalan informasi sekolah email yayasan
Netral,2019,ppdb smk santa theresia jakarta pelajaran
Netral,2019,jakarta kamis komisi perlindungan anak indonesia menyelenggarakan rapat koordinasi hasil pengawasan penerimaan peserta didik ppdb
Netral,2019,rencana pengumuman ppdb smp daerah khusus ibukota jakarta
Netral,2019,ppdb pelajaran katolik sang timur jakarta
Netral,2019,ppdb sd santa theresia jakarta
Netral,2019,ppdb kb santa theresia jakarta
Netral,2019,bincang publik ombudsman ri perwakilan jakarta raya sengkarut penyelenggaraan ppdb interaktif fm amp streaming
Netral,2019,muhadjir effendy menyebut sekolah daerah khusus ibukota jakarta memenuhi syarat menerapkan penerimaan peserta didik ppdb berbasis zonasi penuh
Netral,2019,mendikbud jakarta penuhi syarat terapkan ppdb zonasi penuh mendikbud muhadjir
Netral,2019,mendikbud jakarta penuhi syarat terapkan ppdb zonasi penuh mendikbud muhadjir
Netral,2019,mendikbud jakarta penuhi syarat terapkan ppdb zonasi penuh mendikbud muhadjir
Netral,2019,mendikbud jakarta penuhi syarat terapkan ppdb zonasi penuh mendikbud muhadjir
Netral,2019,mendikbud jakarta penuhi syarat terapkan ppdb zonasi penuh mendikbud muhadjir
Netral,2019,mendikbud jakarta penuhi syarat terapkan ppdb zonasi penuh mendikbud muhadjir
Netral,2019,smk jakarta pusat ppdb nyimas
Netral,2019,pengumuman hasil ppdb madrasah man daerah khusus ibukota jakarta
Positif,2019,banyakin sekolahnya mbak sekolah negeri merata jakarta jawa barat cek ppdb online jawa barat cek menyekolahkan kah negeri depok gampang mencari mall dibanding sman
Positif,2019,ppdb daerah khusus ibukota jakarta selamat diterima sekolah negeri diterima putus asa admin hibernasi menjelang ppdb selamat semangat
Positif,2019,alasan penulis status pajang foto presiden kagum ppdb daerah khusus ibukota
Positif,2019,setuju kemarin coba advokasi kebijakan ppdb alhamdulillah jakarta daerah coba diskusi perbaikan paud terkait konstruksi disdik paham konstruksi desain ramah anak
Positif,2019,semoga mengevaluasi aturan ppdb jadikan jakarta percontohan sukses terapkan daerah evaluasi mohon copot mendikbudnya
Positif,2019,jakarta dipimpin penerimaan siswa alias ppdb ribet pakai antri jam pagi syarat daftar sekolah pakai nilai un pakai meteran wali murid terima kasih anies
Positif,2019,sistem ppdb daerah khusus ibukota jakarta bijaksana akomodatif menyalurkan aspirasi warganya pendidikan adil layak memperhatikan keseimbangan lingkungan kota penduduk
Positif,2019,ppdb daerah khusus ibukota jakarta model
Positif,2019,dibantuin admin fast respon dimasa ppdb jakarta non daerah khusus ibukota banget jasa informasinya dimasa genting ppdb terbantu didoain berkah murah rezeki ketemu jodoh dipertemukan terbaik terima kasihbanyak min
Positif,2019,kekhawatiran membayangi orangtua siswa zonasi sirna banyaknya keluhan muncul proses ppdb benarkan sistem zonasi sekolah negeri jakarta adil
Positif,2019,ppdb tingkat smp daerah khusus ibukota jakarta jalur non zonasi dibuka selasa kamis besok warganet diperbaiki
Positif,2019,ppdb tingkat smp daerah khusus ibukota jakarta jalur non zonasi dibuka selasa kamis besok warganet diperbaiki
Positif,2019,lancar ppdb jakarta digagas anies rujukan swamedium
Positif,2019,lancar ppdb jakarta digagas anies rujukan swamedium
Positif,2019,opini ppdb jakarta fair transparan
Positif,2019,lancar fahira idris ppdb jakarta rujukan kota
Positif,2019,lancar ppdb jakarta rujukan kota
Positif,2019,lancar ppdb jakarta rujukan kota
Positif,2019,lancar ppdb jakarta rujukan kota
Positif,2019,lancar ppdb jakarta rujukan kota
Positif,2019,ppdb jakarta dinilai rujukan baca
Positif,2019,kepala dinas pendidikan kadisdik daerah khusus ibukota jakarta ratiyono menilai penerapan sistem zonasi sekolah penerimaan peserta didik ppdb jakarta adil
Positif,2019,contoh unbk simulasi tes ppdb cbt mtsn jakarta
Positif,2019,kadisdik daerah khusus ibukota klaim penerapan zonasi ppdb jakarta adil
Positif,2019,kadisdik daerah khusus ibukota klaim penerapan zonasi ppdb jakarta adil
Positif,2019,kadisdik daerah khusus ibukota jakarta menilai penerapan sistem zonasi sekolah ppdb jakarta adi
Positif,2019,kepala dinas pendidikan kadisdik daerah khusus ibukota jakarta ratiyono menilai penerapan sistem zonasi sekolah penerimaan peserta didik ppdb jakarta adil
Positif,2019,lancar ppdb jakarta digagas anies rujukan
Positif,2019,sman kabupaten tangerang sperti sman jakarta sistem ppdb zonasi mempertimbangkan nilai un peringkat penerimaan pemerataan namanya
Positif,2019,mengular antrean ppdb jakarta kondusif
Positif,2019,dukung penerapan sistem zonasi ppdb wali murid peluang diterima sekolah unggulan
Positif,2019,heboh ppdb online jakarta anteng untungnya online perubahan daerah jalur ppdb amp zonasi nem patokannya
Positif,2019,jawa barat jakarta ppdb menghargai nilai un simpel pengumuman penerimaan sehari pendaftaran
Positif,2019,ppdb jawa barat jalur zonasi pengumuman nya semingguan pendaftaran juni pengumuman juni ppdb jakarta jalur zonasi pengumuman langsung pas pendaftaran rentang nya jam
Positif,2019,keterima jakarta buka ppdb senin ko jakarta gamake point jarak sekola salah keterima sekolah jakarta pakai jalur daerah
Positif,2019,setuju min dukung admin menyeleksi pakai nilai un dengarkan kepanasan gara gara nemnya tertawa bagus job ppdb jakarta
Positif,2019,pelaksanaan penerimaan peserta didik ppdb daerah khusus ibukota jakarta berjalan kondusif fsgi kemendikbud mencontoh pemerintah provinsi daerah khusus ibukota jakarta penerapan sistem zonasi ppdb pengalaman teman teman mengurus
Positif,2019,ooh jakarta kayak iya bagus deh lihat klasmen ppdb jawa barat lucu dirankingin berdasarkan jarak sih pakai nilai slot kursinya dikit
Positif,2019,ppdb daerah khusus ibukota jakarta kuota terbesar hasil un metoda seleksinya tangerang mengacu kah daerah khusus ibukota jakarta sistem serang lebak pandeglang hasil un dibawah nasional
Positif,2019,ppdb daerah khusus ibukota jakarta dianggap dicontoh
Positif,2019,warga apresiasi pelaksanaan ppdb online jalur inklusi jakarta
Positif,2019,warga kelurahan rawa badak selatan koja jakarta utara mengapresiasi jalur inklusi penerimaan peserta didik ppdb online calon pelajar tingkat sd smk
Negatif,2020,maaf bos dbl founder tidak ada uang surabaya merdeka bos hahay sukarno lahir jakarta kota kelahiran umur si ppdb pakai umur niat sekolah tertawa
Negatif,2020,kadisdik daerah khusus ibukota jakarta blunder ramai kemarin blunder ppdb ujian suka banget iya blunder tidur nyenyak viral ditelusuri maksud ujian
Negatif,2020,fix nder ppdb jakarta kepental melulu
Negatif,2020,kesempatan sepuh nad
Negatif,2020,akibatnya kerja patung masker in atap rumah warga fly over tapal kuda cat ganjil genap motor diberlakukan ppdb jakarta umur acuan
Negatif,2020,gubernur anies baswedan disdik daerah khusus ibukota jakarta digugat kah ptun daerah khusus ibukota ppdb ppdb daerah khusus ibukota seleksi usia melanggar aturan kemendikbud
Negatif,2020,orang tua murid memasukkan gugatan pemerintah provinsi daerah khusus ibukota jakarta kah ptun jakarta menerapkan syarat diskriminatif ppdb online merugikan keberlangsungan pendidikan bermutu siswa murid joi
Negatif,2020,sosialisasi buruk
Negatif,2020,sosialisasi buruk
Negatif,2020,sosialisasi buruk
Negatif,2020,sosialisasi buruk
Negatif,2020,sosialisasi buruk
Negatif,2020,sosialisasi buruk
Negatif,2020,sosialisasi buruk
Negatif,2020,sosialisasi buruk
Negatif,2020,sosialisasi buruk
Negatif,2020,sosialisasi buruk
Negatif,2020,sosialisasi buruk
Negatif,2020,ppdb jakarta kemarin amburadul orang tua demo masak daftarin sekolah pertimbangan umur koreksi ngomingin nadiem
Negatif,2020,anis pandai retorika minim kinerja kebijakan iya merugikan rakyat jakarta nyata penyelengara ppdb online amburadul kemacetan akibat terapan zonasi fake klubada polemik akibat kebijakan anis kabur kemana
Negatif,2020,orang tua murid mengadukan proses administrasi ppdb online daerah khusus ibukota jakarta
Negatif,2020,fakta ppdb jakarta anarkis dibatalkan
Negatif,2020,anak kemarin sore wkwkakak lomba tua an berasa ppdb jakarta
Negatif,2020,reklamasi anies perluasan massa elemen berunjuk balai kota jakarta memprotes reklamasi ancol ppdb daerah khusus ibukota
Negatif,2020,nonton berita ppdb daerah khusus ibukota jakarta bermasalah iya
Negatif,2020,demo iya nis terkait ppdb daerah khusus ibukota jakarta solusinya nis dokem
Negatif,2020,sadar pelaksanaan penerimaan peserta didik ppdb meninggalkan jakarta menerima laporan ratusan siswa terdaftar sekolah terancam putus sekolah
Negatif,2020,pelajar peraih ratusan penghargaan aristawidya maheswari memperoleh tawaran melanjutkan pendidikan sekolah swasta jakarta gagal lolos seleksi negeri
Negatif,2020,kritik anies ppdb reklamasi presidium barometer jakarta gelar aksi demonstrasi
Negatif,2020,maksudnya kang kemarin ppdb jakarta jatah khusus anak nakes menangani covid dikasih siswa beda jawa barat jateng
Negatif,2020,komisi perlindungan anak indonesia komisi perlindungan anak indonesia menyebut siswa lolos penerimaan peserta didik ppdb daerah khusus ibukota jakarta kisruh syarat usia baca selengkapnya
Negatif,2020,kids heboh berita siswi bernama aristawdya maheswari siswi umur berhasil mememiliki piala perhargaan gagal diterima negeri jakarta seleksi penerimaan peserta didik ppdb
Negatif,2020,ppdb zonasi dihujani kritik ribuan kursi kosong sekolah jakarta terisi
Negatif,2020,menerapkan sistem ppdb zonasi diknas daerah khusus ibukota memperhitungkan mensosialisasikan sistem enak kursi kosong smp kursi kosong diperjual belikan loh iya apalg sekolah favorit jakarta
Negatif,2020,dinas pendidikan daerah khusus ibukota jakarta membuka ppdb daerah khusus ibukota sosialisasi
Negatif,2020,lembaga swadaya masyarakat gmbi daerah khusus ibukota jakarta menuntut gubernur daerah khusus ibukota jakarta ppdb dicabut
Negatif,2020,swasta dicampuri bang wali murid rebutan cari sekolah negeri ppdb jakarta kemarin gratis spp dan lain-lain buku dipinjamkan sekolah swasta pindah kah negeri gratis iya seleksi kacau
Negatif,2020,dikritisi sistem ppdb kacau ditambah model zonasi parah jakarta pakai sistem umur sekolah disamakan kasian anak pintar sekolah mendukung halo
Negatif,2020,kebijakan normalisasi sungai jakarta formula monas mengorbankan pohon mahoni penanganan covid bantuan korban dampak pandemi ambur adul ppdb mengorbankan anak berprestasi ketidakmampuanmu anies baswedan
Negatif,2020,orangnya dendam nyesel kecewa kadang kecewa ppdb zonasi pakai umur oktober harapan japres anak negeri kalah swasta masuk smp netapin masuk sman jakarta sekolah
Negatif,2020,habis fikir kenal orang model emak misuh anaknya keterima sekolah negeri gara aturan ppdb jakarta disalahin mendikbud
Negatif,2020,iyaa dipindah kerjanya kah januari dsah malas ppdb jakarta kah ambon huhu
Negatif,2020,lihat ppdb jakarta muda nya salah nyoba jakarta anjing auto swasta
Negatif,2020,tidak tahu lelah banget ppdb jakarta
Negatif,2020,jakarta ppdb umur daftar
Negatif,2020,gubernur covid konpres melulu ppdb jakarta diam kotoran
Negatif,2020,kadis pendidikan daerah khusus ibukota jakarta kebijakan ppdb batas usia akibatnya orang tua pusingg mencari uang daftar anak sekolah swasta konyoll
Negatif,2020,rencana pemerintah daerah khusus ibukota jakarta anak gagal diterima ppdb ortunya sanggup daftarkan kah sekolah swasta mihil bagamana
Negatif,2020,semoga orang membiayai unt melanjutkan skolah iya adik lolos ppdb jakarta pelajar peraih ratusan penghargaan putus sekolah
Negatif,2020,iya dewan perwakilan rakyat daerah daerah khusus ibukota jakarta diam seribu bahasa orang tua siswa dirugikan disusahkan aturan usia ppdb daerah khusus ibukota jakarta kepala dinas pendidikan anehh perwakilan rakyat kampanye saudara laki-laki mengaku mengaku berjuang rakyat kasihan deh
Netral,2020,jakarta indonesia
Netral,2020,penambahan anggaran bos menyusul banyaknya siswa daerah khusus ibukota jakarta terdampak pandemi covid sistem ppdb
Netral,2020,
Netral,2020,bermimpilah berani gagal informasi ppdb istiqlal jakarta
Netral,2020,total nilai matpel disekolah dibagi banyaknya matpel umur setau sistem ppdb jakarta daerah lihat jarak sekolah kerumah adkel masuk tua umurnya muda
Netral,2020,hmm ngetik ft ppdb jakarta
Netral,2020,maba niat banget ngetimnya semoga membuahkan hasil adik
Netral,2020,ppdb daerah khusus ibukota jakarta
Netral,2020,anak ppdb jakarta kalah kakak perempuan
Netral,2020,nadia ngirim menfessnya
Netral,2020,coba ppdb nya merambah kah depok jakarta
Netral,2020,midnight sale niel
Netral,2020,tertawa bang liti
Netral,2020,mantap kasposnye sophia latjiba pt sayang pt pemberi harapan palsu tertawa
Netral,2020,kirain dibakar stock galaku
Netral,2020,tidak bisa contohnya
Netral,2020,ngajarin gas
Netral,2020,silahkan update kah media sosial saudara laki-laki disitu lengkap rekam jejak fraksi psi jakarta polemik ppdb kemarin
Netral,2020,astaga lebih baik tidak punya pacar nadia kasian cowonya
Netral,2020,kelompok perwakilan orangtua siswa mengajukan gugatan gubernur daerah khusus ibukota amp kadinas pendidikan daerah khusus ibukota jakarta kah ptun daerah khusus ibukota jakarta gugatan terkait kebijakan penerimaan peserta didik ppdb berbasis usia talk sekretaris perkumpulan koloni jumono
Netral,2020,orang tua gugat ppdb daerah khusus ibukota jakarta kah ptun
Netral,2020,pelajaran sekolah online adik adik semangat belajar iya kilas ayo jalur ppdb disiapkan pemerintah provinsi daerah khusus ibukota sih jalur
Netral,2020,baca web nya ppdb jakarta just in case
Netral,2020,sejarah mencatat ppdb daerah khusus ibukota jakarta
Netral,2020,kisruh penerimaan peserta didik ppdb daerah khusus ibukota jakarta perbincangan
Netral,2020,anies baswedan kajian penyaluran bantuan siswa gagal ppdb
Netral,2020,pelaksanaan sosperda nomor kepemudaan ketua fraksi nasdem dewan perwakilan rakyat daerah daerah khusus ibukota jakarta wibi andrino kesempatan menyerap aspirasi kesehatan ppdb daerah khusus ibukota pelatihan umkm online
Netral,2020,dinas pendidikan daerah khusus ibukota jakarta menanggapi kabar siswa berprestasi bernama aristawidya maheswari gadis kerap disapa arista gagal lolos ppdb daerah khusus ibukota memiliki prestasi
Netral,2020,ajaran kursi kuota penerimaan peserta didik ppdb daerah khusus ibukota jakarta kosong
Netral,2020,nama mengadukan nasibnya kah komisi perlindungan anak indonesia gagal lolos ppdb daerah khusus ibukota daftar diserahkan kah disdik daerah khusus ibukota jakarta ditindaklanjuti
Netral,2020,ppdb jakarta resmi ppdb jakarta menambah syarat usia peserta didik
Netral,2020,ppdb daerah khusus ibukota jakarta selesai ribuan kursi kosong
Netral,2020,kursi kosong sekolah negeri ppdb jakarta jenjang sekolah dasar sd persen kursi
Netral,2020,dinas pendidikan daerah khusus ibukota jakarta kursi tersisa ppdb
Netral,2020,ppdb jakarta sisakan kursi kosong
Netral,2020,ppdb kursi kosong jakarta penyebab kursi kosong penutupan ppdb zonasi sekolah berlokasi pusat perkantoran kepulauan seribu
Netral,2020,ppdb daerah khusus ibukota jakarta polemik persyaratan usia pbb halo sahabat fema pelaksanaan ppdb daerah khusus ibukota jakarta perbedaan penggunaan usia salah faktor pertimbangan penerimaan calon peserta didik
Netral,2020,sdn srengseng pagi kembangan jakarta barat mengadakan sosialisasi pembelajaran jarak pjj wali murid
Netral,2020,iluni universitas indonesia mengadakan webinar profesional kontra kebijakan ppdb daerah khusus ibukota jakarta webinar seputar inovasi koperasi policy center iluni universitas indonesia mengadakan diskusi diunggah kah spotify youtube iluni universitas indonesia diskusi aktivis alumni universitas indonesia
Netral,2020,ppdb jakarta bang
Positif,2020,ipa gara kelempar melulu terpaksa milih ips linjur sih ips enak xixixixix terima kasih ppdb jakarta
Positif,2020,sistem penerimaan peserta didik ppdb menyisakan kisah haru bunda putri sopir angkot berhasil lolos favorit jakarta
Positif,2020,cerita ppdb calon siswa keluarga miskin masuk sekolah semangat pendidikan ibukota
Positif,2020,ketua komisi apresiasi bantuan siswa lolos ppdb berita jakarta
Positif,2020,anies dikecam ppdb anies mengurus surat miskin siswa daerah khusus ibukota jakarta memperoleh bantuan uang pangkal masuk kah sekolah swasta siswa gagal jalur ppdb total anggaran
Positif,2020,beruntung yaa warga jakarta gubernur peduli uang pangkal pemerintah provinsi daerah khusus ibukota bantu spp siswa gagal ppdb masuk sekolah swasta
Positif,2020,pemerintah provinsi daerah khusus ibukota jakarta membantu ribu siswa lolos seleksi pendaftaran ppdb terpaksa mengenyam pendidikan sekolah negeri
Positif,2020,pemerintah provinsi daerah khusus ibukota jakarta bantu an siswa lolos ppdb kah sekolah swasta
Positif,2020,pemerintah daerah khusus ibukota jakarta siapkan dana rupiah miliar bantu siswa sekolah swasta
Positif,2020,dewan perwakilan rakyat daerah daerah khusus ibukota jakarta mengawal rencana kucuran anggaran senilai rupiah miliar dikeluarkan pemerintah provinsi daerah khusus ibukota jakarta insentif siswa lulus ppdb masuk sekolah swasta
Positif,2020,bantuan pemerintah provinsi daerah khusus ibukota jakarta uang pangkal siswa bersekolah kah swasta siswa terdampak pandemi virus corona
Positif,2020,anggaran senilai rupiah miliar disiapkan pemerintah provinsi daerah khusus ibukota jakarta bantuan pendidikan siswa sekolah sd smp smu lolos ppdb masuk sekolah swasta
Positif,2020,proses ppdb daerah khusus ibukota jakarta menuai polemik ketua komisi dewan perwakilan rakyat daerah daerah khusus ibukota jakarta menilai proses
Positif,2020,disdik peserta kjp lolos ppdb cicil uang pangkal swasta berat mengeluarkan biaya pendidikan sekolah swasta kepala dinas pendidikan daerah khusus ibukota jakarta menyarankan siswa penerima kjp mencicil biaya pendidikannya
Positif,2020,teman teman mencari narasumber artikel saudara kerabat berbagi pengalaman ppdb jakarta mohon bantuannya
Positif,2020,kompas judulnya aturan ppdb jakarta cuy pemerintah provinsi daerah khusus ibukota salah daerah aturan ppdb nya
Positif,2020,kisruh ppdb daerah khusus ibukota jakarta sekolah swasta diusulkan dibiayai apbn
Positif,2020,buzzerp bodoh sistem ppdb daerah indonesia ngelakuin diserang jakarta kemauan anjing media buzzerp sampah coba bos gojek nyet
Positif,2020,ppdb depok kayak ppdb jakarta ppdb depok
Positif,2020,pengamat karangan bunga ppdb daerah khusus ibukota jakarta mengikuti aturan permendikbud nomor ppdb diberlakukan disetiap daerah kirim karangan bunga kah kantor anies si pengirim salah alamat dikirim kah kantor mantan kang gojek
Positif,2020,ppdb pemerintah provinsi daerah khusus ibukota jalur zonasi pernahkan langsung kah menterinya
Positif,2020,alhamdulillah nge share kasih ppdb jakarta daerah pemerintah daerah pastinya menjalankan sesuai peraturan kemendikbud regulator iya si kemendikbud
Positif,2020,heran ppdb didemo Cuma daerah khusus ibukota jakarta padang bikin aturan mendikbud
Positif,2020,mbak bukti ppdb jakarta kebijakan kemendikbud
Positif,2020,ppdb jakarta saudara laki-laki daerah telanjur sakit hati iya susah kemarin anis antisipasi korona mengapresiasi hati hitam terlihatjahat
Positif,2020,ppdb jakarta loh sistem zonasi pemerintah menimbulkan dampak buruk pendidikan daerah anis disalahkan aneh
Positif,2020,ppdb jakarta psi daerah khusus ibukota bantu anak masuk sekolah swasta
Positif,2020,kemendagri fasilitasi upaya penyelesaian permasalahan ppdb daerah khusus ibukota jakarta
Positif,2020,penjelasan kemendagri terkait permasalahan ppdb daerah khusus ibukota pelaksana tugas plt sekretaris jenderal kemendagri muhammad hudori menemukan titik temu permasalahan terkait penerimaan peserta didik ppdb daerah khusus ibukota jakarta
Positif,2020,wakil ketua dewan perwakilan rakyat daerah daerah khusus ibukota jakarta zita anjani berjanji mengawal bantuan siswa bersekolah swasta gagal masuk sekolah negeri
Positif,2020,adduh lakukan daerah khusus ibukota program bodoh menyabut gubernur jakarta salahkan
Positif,2020,ppdb kena disorot daerah khusus ibukota jakarta iya daerah mengalami
Positif,2020,kemendagri kemendikbud pemerintah provinsi daerah khusus ibukota temukan titik temu ppdb plt irjen kemendikbud chatarina muliana girsang sinergi pemerintah provinsi daerah khusus ibukota jakarta terkait jalur zona rw
Positif,2020,sahabats hati prihatin fenomena kecerobohan implementasi kebijakan ppdb daerah khusus ibukota jakarta seleksi jalur zonasi mari berupaya mengubah merevisinya petisi link
Positif,2020,anies baswedan mari kritik anies tertatih tatih urusan psbb jakarta kebijakan presiden jokowi anies tertatih tatih urusan ppdb jakarta kebijakan mendikbud silahkan nalar dibenahidulu
Positif,2020,tvonenews menge tweet pengamat pendidikan pelaksanaan ppdb zonasi daerah khusus ibukota jakarta keadilan masyarakat menengah kah
Positif,2020,aturan ppdb mendikbud iya berlaku disemua sekolah indonesia jakarta disalahkan gubernur
Positif,2020,nadiem mengaku salah pembully anies terdiam
Positif,2020,yth nadiem makarim terimakasih atensinya harapan meluruskan kisruh ppdb daerah khusus ibukota mendikbud nadiem koordinasi kah mendagri tito
Positif,2020,alhamdulillah masuk ppdb jakarta bun
Positif,2020,dimana sekolah favorite dominasi sekolah favorite jenjang ppdb daerah khusus ibukota pakai usia jarak demografi jakarta berbeda daerah dimana jakarta penduduknya padat pemukiman
Positif,2020,adik kecewa marah akibat masuknya sekolah negeri sistem ppdb semangat
Positif,2020,pengurus kader psi dirikan posko bantu warga kesulitan daftarkan anaknya program penerimaan peserta didik ppdb semoga keruwetan penerimaan siswa jakarta teratasi
Positif,2020,coba teman jateng jawa barat faktor usia ppdb kasihan wan anis senter daerah khusus ibukota jakarta disorot
Positif,2020,pengamat pendidikan pelaksanaan ppdb zonasi daerah khusus ibukota jakarta keadilan masyarakat menengah kah
Positif,2020,komisi perlindungan anak indonesia apresiasi solusi ppdb daerah khusus ibukota diwarnai kisruh syarat usia
Positif,2020,update jalur ppdb daerah khusus ibukota jakarta jalur zonasi rumahnya rw setidakny harapan adek sekolah lokasinya rw sekolah dituju
Positif,2020,opini sih ppdb daerah khusus ibukota jakarta dibatalkan diulang menambah stress otm cpdb perbaiki solusi cpdb lolos seleksi usia
Positif,2020,kabar kemendikbud ppdb daerah khusus ibukota jakarta semoga menyelesaikan kekisruhan
Positif,2020,dailami firdaus kisruh ppdb jakarta dicarikan solusinya
Negatif,2021,heh yaampun senasib banget beli tiket pesawat panggil tukang benerin rumah jakarta menginap eh pas masuk web tiket serasa ppdb masuk
Negatif,2021,teman teman smp bagus banget nasibnya merenungi ppdb jakarta
Negatif,2021,pokonya osis ekskul jabatannya langsung ajuin biar poin tidak tahu bandung bagamana krna daerah beda sistem ppdb prestasinya jakarta jelek banget anjr
Negatif,2021,aa queela keren seangkatan jakarta ppdb nya pakai umur menangis umur pasrah banget tidak bisa masuk smk tertawa ll do my best
Negatif,2021,cerita juli seleksi ppdb daerah khusus ibukota jakarta mengecewakan
Negatif,2021,terima he masuk negeri maaf kawan rela ppdb jakarta
Negatif,2021,anti lihat ppdb jakarta
Negatif,2021,what ppdb jakarta peluang nya umur tua
Negatif,2021,iyaa banget pas kelas stress memikirkan gituan tinggalnya jakarta khawatir ppdb sgjslshal
Negatif,2021,jujurly ginian pas kelas asli pas ppdb gitu disaranin masuk jakarta biar berangkat emak untung gajadi
Negatif,2021,semangat iya belajarnya dom jakarta sistem ppdb kacau banget tertawa dom jakarta iya aman korbannya ppdb jakarta
Negatif,2021,iya swasta numpang kakak masuk smp pas biar masuk smp negeri jakarta ppdb jakarta ygsekarang aneh lohh pakai zona prioritas pakai retweet rw gapake jarak sekolah kah rumah yaa adh aneh deh malas banget malas ppdb
Negatif,2021,diterima jalur zonasi swasta kuota membludak anak diterima pendapat kepala tebersit perasaan anak
Negatif,2021,anak bertahan tergeser tambahan nilai logis mohon pantau terimakasih
Negatif,2021,yth bantu cek nilai seleksi nilainya normal nilai segitu knapa daftar akademi jalur lolos update nilai oknum
Negatif,2021,capek iya korban ghosting ppdb jakarta sebulan jalur kepental kemarin tahap dipental kursinya dikit banget pendaftaran swasta tutup nasib stress banget
Negatif,2021,ppdb jakarta banget si iya allah minggat
Negatif,2021,disaat pendidikan berpihak anak anak salahkan kaum vandal tumbuh subur
Negatif,2021,ppdb jakarta kacau
Negatif,2021,rasany lolos japres kalah osis ekstra rasany lolos afirmasi kjp rasany lolos zonasi umur rasnay lolos tahap persentil sidanira dikit banget bangku kosongnya kena mental men ppdb tahap jakarta
Negatif,2021,ppdb jakarta bangsat
Negatif,2021,please sekolah dimana cobaa tolak sekolah ppdb tahap jakarta pliss kalah japres persentil zonasi kalah umur tahap persentil sii woii
Negatif,2021,capek ppdb jakarta gajelas
Negatif,2021,sekian jam dibuka tampilannya masuk
Negatif,2021,serius pemerintah sistem ppdb jakarta jalur zonasi pakai umur jarak nilai stress umur kemudaan
Negatif,2021,sebulan stress ppdb jakarta aneh
Negatif,2021,web ppdb jakarta eror huhu
Negatif,2021,ppdb jakarta makan gaji buta gajelas peraturannya kasian anak
Negatif,2021,ppdb jakarta tolong pecat pegawai pegawai tidak bisa kerja kebijakan gamasuk akal gila peraturannya sekola iya pakai nilai umur
Negatif,2021,ppdb jakarta gajelas
Negatif,2021,oalah jakarta offline iya jakarta ppdb online lupa online servernya heran berubah bertahun
Negatif,2021,kasihan banget lihat pasrah menunggu sisa kursi sekolah ppdb menguras emosii
Negatif,2021,ppdb jakarta kacau banget sistem prestasi pakai umur amppersentil sistem zonasi pakai umur deh umur muda pintar kalah umurnya
Negatif,2021,ppdb jakarta ngaretnya kelebihan ih sia sia bangun pagi anjing
Negatif,2021,ppdb jakarta sistemnya ngeselin
Negatif,2021,ppdb jakarta tahap pilih skolah jam
Negatif,2021,ppdb jakarta bagamana sii daftarin sepupu biar cepat milih skolah
Negatif,2021,ppdb jakarta pilihan sekolah nya
Negatif,2021,tahap tulisan pilihan sekolah sumpaahh takut bnget
Negatif,2021,welcome to jakarta dimana ppdb jalur prestasi nilai akademik nilai non akademik welcome to jakarta dimana ppdb jalur zonasi keterima umurnya tua
Negatif,2021,heh iya sih kaget ppdb jakarta untung ku sistem umur nilai
Negatif,2021,lihat ppdb negeri daerah khusus ibukota salah berkualitas jakarta barat siswa diterima diatas berusia dibawahnya diterima keberpihakan keadilan carut marut kebijakan
Negatif,2021,orangtua protes ppdb zonasi jakarta jarak meter lolos gara gara kalah umur klik baca terpaksa mengalah sistemnya terpaksa sekolah bersaing tua kasian dd
Negatif,2021,sistem ppdb jakarta hancur hancur
Negatif,2021,ppdb jakarta anjing
Negatif,2021,umur kartu tanda penduduk kerja umur kartu tanda penduduk kerja calon siswa masuk swasta
Negatif,2021,ngeselin pakai umur zonasinya lebih baik kemarin jalur prestasinya pakai rapot masuk anj nilai
Negatif,2021,ditunggu action nya orang tua pusing covid beban ppdb
Negatif,2021,semangat yaa dom jakarta pusing banget masuk ppdb sistemnya gajelas kemarin zonasi kalah umur semangat kamuu fighting jalan keluarr
Negatif,2021,gajelas banget bolol orang kualitas negeri jakarta jelek gede rasa ppdb saudara laki-laki main kah jakarta biar keras nya bagamana pendidikan ngerasain kgk
Negatif,2021,bubarkaan bikin rusak generasi penerus pembodohan sistem
Negatif,2021,aduh kasian deh cilandak barat tidak punya negerii
Negatif,2021,pusing banget ppdb jakarta umur menit langsung kah gepak kereta cepat
Negatif,2021,ppdb jakarta stress anjing
Negatif,2021,hah ppdb jakarta pakai umur
Negatif,2021,iya salah banget ppdb jakarta iya masuk jdnya swasta sedih banget
Negatif,2021,ppdb daerah khusus ibukota bermasalah pendidikan berkualitas umur berkualitas keluarga jakarta sekolah swasta pilihan gap year timbulkan gunung es kah depannya tolong terhormat dipertimbangkan ulang
Negatif,2021,orang jakarta kesel ppdb zonasii keterima jing duhh gni gaush memikirkan nilai umur tua
Negatif,2021,plss depresot banget ppdb jakarta sistem zonasinya adil
Negatif,2021,tua sekolah muda hancurr
Negatif,2021,jalur umur mah jalur zonasi badut banget ppdb jakarta
Negatif,2021,ppdb jakarta masuk deh
Negatif,2021,lelah sistem ppdb jakarta
Negatif,2021,bohong banget ppdb jakarta
Negatif,2021,gimanasi ppdb jakarta katamya zonasi pakai umur aneh
Negatif,2021,rebutan booking vaksin jakarta bikin sakit perut berasa ppdb
Negatif,2021,tolong iya mah tua keterima jarak nya mksdny gman iya lahir nya dimana umur anak keterima mengerti jalan fikir pemerintah nerapin sistem ppdb jakarta orang sekolah
Netral,2021,dom jakarta pengaruh nder kemarin ppdb dipakai rapot smstr
Netral,2021,nder coba search ppdb sebentar muncul nilai murni ppdb jakarta bidang prestasi sekedar informasi kuat nilai lomba lomba pengurus ekskul
Netral,2021,lombanyaa kapann soalya ppdb jakarta gasalaa lombanya maksimal pendaftaran ppdb gituu
Netral,2021,daerah jakarta pakai zona zona nder ppdb kemarin kalopun jarak kah sekolah gamasuk zona utamanya jakarta deh
Netral,2021,mengikuti tes seleksi ppdb madrasah istiqlal jakarta terlewat iya sabtu desember
Netral,2021,presentasi ppdb smp jakarta
Netral,2021,presentasi ppdb smp jakarta
Netral,2021,tim ppdb pelajaran berkunjung kah smp jakarta
Netral,2021,indonesia
Netral,2021,indonesia
Netral,2021,kemarin ngecek ppdb jakarta sd negeri inceran masuk usia mudah an nadim lolos deh smp negeri mbak meth sd swasta smp nya negeri
Netral,2021,iya semacem sertif pengurus osis iya sekolah dilampirin gituu kayak nilai plus ngomong-ngomong ppdb jakarta
Netral,2021,yahh ppdb tidak bisa iya jakarta deh
Netral,2021,ppdb daerah khusus ibukota jakarta daftar swasta terlibat beserta kuotanya
Netral,2021,ppdb daerah khusus ibukota jakarta daftar swasta terlibat beserta kuotanya
Netral,2021,ppdb daerah khusus ibukota jakarta daftar swasta terlibat beserta kuotanya
Netral,2021,ppdb daerah khusus ibukota jakarta daftar swasta terlibat beserta kuotanya
Netral,2021,ppdb daerah khusus ibukota jakarta daftar swasta terlibat beserta kuotanya
Netral,2021,ppdb daerah khusus ibukota jakarta daftar swasta terlibat beserta kuotanya
Netral,2021,ppdb daerah khusus ibukota jakarta daftar swasta terlibat beserta kuotanya
Netral,2021,ppdb daerah khusus ibukota jakarta daftar swasta terlibat beserta kuotanya
Netral,2021,ppdb daerah khusus ibukota jakarta daftar swasta terlibat beserta kuotanya
Netral,2021,ppdb daerah khusus ibukota jakarta daftar swasta terlibat beserta kuotanya
Netral,2021,ppdb daerah khusus ibukota jakarta daftar swasta terlibat beserta kuotanya
Netral,2021,smk jakarta timur ppdb jakarta selatan
Netral,2021,deh jakarta timur ppdb jakarta selatan
Netral,2021,ppdb daerah khusus ibukota jakarta daftar swasta terlibat beserta kuotanya
Netral,2021,ppdb daerah khusus ibukota jakarta daftar swasta terlibat beserta kuotanya
Netral,2021,ppdb daerah khusus ibukota jakarta daftar swasta terlibat beserta kuotanya
Netral,2021,ppdb daerah khusus ibukota jakarta daftar swasta terlibat beserta kuotanya
Netral,2021,sd kartika jaya jakarta kepala sekolah pamuji sukses terbaik daerah khusus ibukota jakarta tips beliau guru anak orang tua belajar ppdb pandemi ayo kepoin teman-teman
Netral,2021,ngomong-ngomong ppdb jakarta iya coba ppdb kotamu
Netral,2021,catat alur ppdb sd jalur zonasi jakarta
Netral,2021,adik lulus smp kah ikutlah ppdb daerah khusus ibukota jakarta beuh iya ampun deg degan
Netral,2021,dibuka besok tata pendaftaran ppdb sekolah negeri swasta jakarta
Netral,2021,catat alur ppdb sd jalur zonasi jakarta
Netral,2021,total calon peserta didik cpd diadvokasi tanggal juni juli posko ppdb psi jakarta berhasil diterima sekolah dipilih
Netral,2021,ppdb daerah khusus ibukota jakarta daftar swasta terlibat beserta kuotanya
Netral,2021,catat alur ppdb sd jalur zonasi jakarta
Netral,2021,stud teman-teman sistem ppdb jakarta japres terima kasih
Netral,2021,simak jadwal lengkap ppdb madrasah daerah khusus ibukota jakarta jenjang mi mts
Netral,2021,anies baswedan batalkan sistem zonasi ppdb daerah khusus ibukota jakarta tandatangani petisi
Netral,2021,ombudsman jakarta raya panggil kadisdik provinsi jawa barat terkait ppdb jenjang smk wilayah bogor depok bekasi
Netral,2021,ombudsman jakarta raya layangkan panggilan kadisdik jawa barat terkait ppdb smk bodebek
Netral,2021,dalami laporan terkait ppdb smk bodebek ombudsman panggil kadisdik jawa barat permasalahan dilaporkan ombudsman jakarta raya dugaan tindakan malaadministrasi pengusulan kuota siswa proses penilaian
Netral,2021,jakarta ri depok ribet ppdb yak
Netral,2021,ppdb jakarta jalur zonasi umur lolos kayaknya
Netral,2021,kamis komisioner komisi perlindungan anak indonesia retno listyarti amp tim pengawasan ptm ppdb sman jakarta komisi perlindungan anak indonesia penjelasan terkait pelaksanaan vaksin anak usia dimasifkan melibatkan pihaksekolah puskemas terdekat
Netral,2021,beda ppdb daerah khusus ibukota jakarta ombudsman temuan dugaan maladministrasi ppdb bodebek
Netral,2021,ppdb jakarta yogyakarta so junghwan one tweet angkatan udara gionashe
Netral,2021,ombudsman memeriksa kadisdik provinsi jawa barat provinsi banten ihwal dugaan pelanggaran pelaksanaan ppdb ajaran ppdb daerah khusus ibukota jakarta catatan minor
Netral,2021,simak jadwal lengkap ppdb madrasah daerah khusus ibukota jakarta jenjang mi mts
Netral,2021,anies baswedan batalkan sistem zonasi ppdb daerah khusus ibukota jakarta tandatangani petisi
Netral,2021,ombudsman memeriksa kepala dinas pendidikan provinsi jawa barat provinsi banten ihwal dugaan pelanggaran pelaksanaan penerimaan peserta didik ppdb ajaran pelaksanaan ppdb daerah khusus ibukota jakarta
Netral,2021,assalamualaikum warahmatullahi wabarakatuh informasi ppdb smk gita kirtti jakarta barangkali bingung mencari sekolah putra putrinya smk gita kirtti menerima pendaftaran siswa terima kasih perhatian wassalamualaikum wr wb
Netral,2021,pelaksanaan ppdb pelajaran jakarta
Netral,2021,penutupan ppdb tanggal juli homeschooling talenta jakarta timur
Netral,2021,ppdb daerah khusus ibukota jakarta daftar swasta terlibat beserta kuotanya
Netral,2021,ppdb smk gita kirtti jakarta dibuka pendaftaran terjangkau daftarkan anak saudara tetangga kah sekolah bidang managemen bisnis maju
Netral,2021,ngetweet ppdb jakarta
Netral,2021,
Netral,2021,
Netral,2021,informasi ppdb daerah khusus ibukota jakarta silakan menghubungi call center jam kerja telepon hotline telepon posko dinas terima kasih
Netral,2021,assalamu alaikum wr wb putra ayah bunda pilihan sekolahnya mendaftarkannya terbatas
Netral,2021,informasi mengikuti instagram
Netral,2021,ombudsman perwakilan jakarta raya menemukan dugaan malaadministrasi ppdb tingkat smk bodebek
Positif,2021,si nder aktif ppdb ppdb jakarta masuk kah organisasi pengurus ekskul berperan nderr coba lakuin kah negeri
Positif,2021,daerah khusus ibukota bagus ppkm salurkan bansos juta kakak berhak program vaksin belajar tatap muka ppdb lancar dead rate covid tertinggi turun jakarta pintar jakarta linko warga daerah iri daerah khusus ibukota
Positif,2021,mas goldy memaparkan dampak positif ppdb daerah khusus ibukota jakarta menuai profesional kontra rapat kesesuaian data latar ekonomi keluarga siswa data tingkat ekonomi kelompok masyarakat daerah khusus ibukota jakarta
Positif,2021,kemarin ppdb jakarta osis jabatan osisnya lumayan banget tambahan nilainya
Positif,2021,ppdb alhamdulillah nya keterima salah negeri jakarta pusat poin utamanya angkatan smp ppdb alias gapyear langsung kah
Positif,2021,komisi perlindungan anak indonesia ppdb daerah khusus ibukota jakarta libatkan sekolah swasta patut ditiru
Positif,2021,korban ppdb jakarta usaha maximal ips rezeki jjr sedih banget aslinya kacau banget pas keterima ips swasta ekonomi bagus yaudahlah ipa intinya semangat linjur
Positif,2021,kjp lebih baik daftar tahap swasta biar kebagian sekolah swasta kosong ppdb jakarta
Positif,2021,orang tua saran ppdb jaminan masuk sekolah dituju beli rumah retweet rw sekolah dituju anaknya gapyear main sd smp bagus main
Positif,2021,kemarin sore mengunjungi posko ppdb penerimaan peserta didik sekolah sman jakarta penerimaan siswa berjalan lancar catatan aspirasi terima tindak kah dinas terkait
Positif,2021,jalur zonasi serumit sih makannya pas japres hantem an sekolah sekolah impian sekolah swasta sakit hati terima nilai masuk sekolah
Positif,2021,ppdb jakarta bagus kepantau calon peserta didiknya kudet sistem
Positif,2021,semangat ppdb jakarta seminggu kemarin ngurusin ppdb tidur alhamdulillah selesai
Positif,2021,diterima jakarta namanya daftar seleksi login ulang daftar pilihan sman zona nya muncul status diterima diterima diterima daftar semangat
Positif,2021,mbak jakarta usul jogja nemu kendala daftar sekolah langsung kah dinas pendidikan konsul disana diarahkan beres kecuali melanggar peraturan ppdb
Positif,2021,hai sekolah jakarta coba hubungi bberapa orang menolong anak kawan terancam sekolah tergusur ppdb daerah khusus ibukota merespon terimakasih iya
Positif,2021,memenuhi permintaan masyarakat psi jakarta membuka posko pelayanan ppdb titik daerah khusus ibukota jakarta
Positif,2021,ppdb jawa barat hasil seleksinya tidak bisa pantau ppdb jakarta iya
Positif,2021,hallo sahabatdisdik pemerintah provinsi daerah khusus ibukota jakarta program ppdb program dinas pendidikan provinsi daerah khusus ibukota jakarta berkolaborasi sekolah swasta meningkatkan daya tampung peserta didik meningkatkan kesetaraan mutu pendidikan
Positif,2021,hebat posko ppdb jakarta professional amp melayani masyarakat sungguh salut pindah kah jakarta pindah kknya genap setahun takut bingung daftar skolah
Positif,2021,ppdb jakarta bagus
Positif,2021,siang mengecek jalannya ppdb sman kemanggisan jakarta barat proses teratur dibanding catatan dioptimalkan kedepannya
Positif,2021,terima kasih kepercayaan warga memanfaatkan layanan posko ppdb psi jakarta ayo maanfaatkan layanan pendampingan pendaftaran ppdb online gratis cek thread informasi kontak lokasi layanan
Positif,2021,menemukan proses ppdb jakarta loh melaporkan kah kanal pengaduan milik pemerintah provinsi daerah khusus ibukota jakarta melapor permasalahan ppdb baca artikel iya
Positif,2021,deh kecewa sistemnya sumpah yaa doain iya kakak nyoba jalur zonasi keterima semangat menyerahh jalur okee always berdoa yaa love love
Positif,2021,kemarin mempersilakan cpdb meng update data sidanira membuka peluang siswa menginput data tambahan kepengurusan siswa osis ekskul siswa orang tua buru menghadap sekolah bawa bukti tambahan kepengurusan osis ekskul
Positif,2021,pemerintah daerah khusus ibukota jakarta menggandeng sekolah swasta menambah daya tampung calon siswa jalur afirmasi penerimaan peserta didik ppdb kerja diutamakan kelurahan memiliki sekolah
Positif,2021,keren anies beres menteri pendaftaran ppdb
Positif,2021,keren anies beres menteri pendaftaran ppdb
Positif,2021,jakarta update posko ppdb partai keadilan sejahtera pasar rebo bantu masyarakat
Positif,2021,keren anies beres menteri pendaftaran ppdb
Positif,2021,kriteria penilaian seleksi jalur prestasi ppdb daerah khusus ibukota jakarta silakan adik anggota keluarga sekolah dimotivasi
Positif,2021,komisi perlindungan anak indonesia ppdb daerah khusus ibukota jakarta libatkan sekolah swasta patut ditiru
Positif,2021,ppdb daerah khusus ibukota jakarta melibatkan sekolah swasta pilihan pendidikan calon siswa biaya spp siswa diterima digratiskan detikedu
Positif,2021,wakil gubernur daerah khusus ibukota ppdb online jakarta
Positif,2021,ppdb jakarta utara berjalan
Positif,2021,pemerintah kota administrasi jakarta utara pelaksanaan pendaftaran peserta didik ppdb terkendali
Positif,2021,ppdb dinas pendidikan menghilangkan stigma sekolah negeri favorit sekolah negeri jakarta memiliki mutu membentuk sekolah sekolah negeri variasi peserta didik gotong royong maju
Positif,2021,apresiasi disdik provinsi daerah khusus ibukota jakarta melayani masyarakat ppdb
Positif,2021,gubernur daerah khusus ibukota jakartaanies baswedanmemastikan permasalahan situsppdbdki jakarta beres tertangani
Positif,2021,perbaikan anak ppdb daerah khusus ibukota bermasalah program sidanira gubernur daerah khusus ibukota jakarta memantau mantan mendikbud ri amp vital bibit sdm daerah khusus ibukota jakarta kah gercep amp monitor yang bersangkutan
Positif,2021,senjata pc intel atom memori gb modem flash telkomsel kesulitan ketidakcakapan mengakses inet kerap muncul untungnya warung internet jakarta membuka jasa asistensi ppdb solidaritas bagus
Positif,2021,terkendala pemerintah provinsi daerah khusus ibukota berhasil perbaiki sistem ppdbjakarta
Positif,2021,kendala teknis diperbaiki gubernur anies pastikan proses ppdb jakarta berlandaskan kesetaraan berita jakarta
Positif,2021,kendala teknis diperbaiki gubernur anies pastikan proses ppdb jakarta berlandaskankesetaraan
Positif,2021,kendala teknis diperbaiki gubernur anies pastikan proses ppdb jakarta berlandaskankesetaraan
Positif,2021,gubernur daerah khusus ibukota jakarta anies baswedan gercep kesulitan pengajuan akun ppdb ajaran teratasi diakses
Positif,2021,gercep banget ppdb daerah khusus ibukota jakarta bermasalah gubernur turun tangan pastikan proses lancar bangga gubernur beliau
Positif,2021,perbaikan di respon cepat aspirasi masyarakat
Positif,2021,alhamdulillah kendala kemarin muncul dirasakan siswa orangtua mengikuti ppdb jakarta tertangani
Positif,2021,pelayanan terbaik unti wali murid kesulitan mengakses ebsite penerimaan peserta didik ppdb gubernur daerah khusus ibukota jakarta anies baswedan pelayanan titik
Positif,2021,posko ppdb psi jakarta hadir mendampingi proses pendaftaran penerimaan peserta didik ppdb daerah khusus ibukota jakarta hubungi nomor sesuai domisili sebarkan berhenti
Positif,2021,pejuang apapun upaya kebaikan diperjuangkan dpra partai keadilan sejahtera daerah khusus ibukota jakarta membuka posko membantu kemudahan pejuang ppdb online bang mpok min
Positif,2021,portal ppdb online sulit diakses catat nomor posko pengaduan wilayah daerah khusus ibukota jakarta
Positif,2021,anies langsung menggelar rapat dirut telekomunikasi mengatasi akses ppdb jakarta
Positif,2021,posko ppdb psi jakarta selatan masyarakat membutuhkan bantuan proses pendaftaran silahkan menghubungi kontak tertera kah posko alamat tertera postingan salam solidaritas
Positif,2021,selamat iya tipsnya berguna daftar semoga istirahat semoga bermanfaat yaa
Positif,2021,penerimaan peserta didik ppdb pelajaran daerah khusus ibukota jakarta senin pemerintah provinsi daerah khusus ibukota jakarta berkomitmen mewujudkan kesetaraan kesempatan pendidikan warga jakarta latar tuk pendidikan sumber
Positif,2021,kasih staff pengurus ppdb daerah khusus ibukota jakarta sekian daftar japres semoga pelajaran sistem pendidikan indonesia maju memiliki sdm unggul
Positif,2021,tips kode keamananny tidak perlu diganti pencet lanjutkan skarang daftar tinggal pantengin ketendang semoga tipsnya berguna yah semangat tidur tenang
Positif,2021,halo warga jakarta timur nomor playanan ppdb silakan iya nik anak nya petugas warga jakarta timur sarana informasi mengenahi pelayanan dokumen kependudukan mudah cepat gratis
Positif,2021,orangtua anaknya mendaftar ppdb daerah khusus ibukota jakarta bermanfaat mohon dishare komen like subscribe iya
Positif,2021,ombudsman jakarta menilai perbaikan pemerintah provinsi daerah khusus ibukota terkait pelaksanaan ppdb perbaikan aspek regulasi substansi peraturan
Positif,2021,ombudsman nilai perbaikan terkait ppdb jakarta aspek regulasi substansi peraturan
Positif,2021,ombudsman apresiasi perbaikan ppdb daerah khusus ibukota jakarta
Positif,2021,ayo dukung ppdb jakarta daring penyelenggaraan ppdb bertujuan mewujudkan kesetaraan kesempatan warga latar warga memperoleh pendidikan berkualitas daerah khusus ibukota jakarta
Positif,2021,ombudsman ri perwakilan jakarta raya mengapresiasi dinas pendidikan daerah khusus ibukota jakarta sosialisasi pelaksanaan penerimaan peserta didik ppdb
Positif,2021,weekend konten chanel youtube retno listyarti weekend ngobrol ppdb bentuk ketua panitia ppdb provinsi daerah khusus ibukota jakarta nantikan videonya iya insyaallah bermanfaat
Positif,2021,eh ppdb jakarta tahap anjing seneng banget tahap
Positif,2021,ppdb warga memperoleh pendidikan berkualitas daerah khusus ibukota jakarta ppdb membentuk sekolah sekolah negeri variasi peserta didik gotong royong maju
Positif,2021,ppdb warga memperoleh pendidikan berkualitas daerah khusus ibukota jakarta ppdb membentuk sekolah sekolah negeri variasi peserta didik gotong royong maju
Positif,2021,dear teman teman putra putri masuk sekolah informasi ppdb daerah khusus ibukota jakarta semoga bermanfaat
Positif,2021,mencapai nilai raport bagus instant nya proses belajar menerus
Positif,2021,ppdb ikhtiar menciptakan pendidikan tuntas berkualitas mari lanjutkan perbanyak kolaborasi kebersamaan kesetaraan kesempatan pendidikan anak anak daerah khusus ibukota jakarta
Positif,2021,pendidikan tanggung dinas pendidikan daerah khusus ibukota jakarta menghargai kolaborasi tahap penyusunan kebijakan ppdb
Positif,2021,enak ppdb jakarta sah
Positif,2021,taat banget perintah allah pas ppdb jakarta tahajud doa solawat in sekolah takdir allah terbaik ketendang daftar smk mungkinini terbaik
Positif,2021,misuh misuh ppdb jakarta bersyukur menemukan teman support support dripada teman smp yaa enjoy sklhku praktek nya banget iya namanya smk sih tertawa
Positif,2021,pemberkasan sekolah negeri kemarin berdasar pengalaman mendaftarkan keponakan sd negeri jakarta online system ppdb jakarta bagus tahap daftar ulang prosesnya orang tuanya mengurus
Negatif,2022,bagus sich sayang pemerataan pembiayaan pendidikan apbn apbd adil siswa mengajukan sekolah ppdb pemerintah provinsi jakarta dilayani kuota negeri dialihkan kah swasta subsidi kjp pip
Negatif,2022,pemerataan pembiayaan pendidikan bersumber apbn apbd adil siswa mengajukan ppdb kah pemerintah provinsi jakarta dilayani kuota negeri dialihkan kah sekolah swasta menerima pembiayaansubsidi
Negatif,2022,gasihh pas ppdb orang tua demo gasih pemerintahnya ketawa peduli beneran pas unjuk diketawain dibodohin gitu pendemo pelajar loh pemerintah sejahat iya kalgasal pas demo kah dinas pendidikan jakarta
Negatif,2022,kemendikbud angkatan percobaan nntinya hahaha semangat iya jujur masuk smk percobaan tertawa orang jakarta iya kacaunya ppdb jakarta so iya ppdb kecewa sistem
Negatif,2022,highschool in jakarta highschool in jakarta ditolak ppdb daerah khusus ibukota ancrit
Negatif,2022,bagamana ygy sman jakarta rangking mnrt disegani sekolah negeri random gara sistem ppdb tidak jelas masuk top iya bagus nya berekspektasi takut nurun rank gitu anjing
Negatif,2022,tangerang oasu ppdb jakarta nolak tidak bisa trend high school in jakarta sakitnya berasa men
Negatif,2022,negeri iya swasta sesiapnya anak tambahan informasi jakarta ajaran sistem ppdb sodaraku umur ketendang daftar siswa umur masuk sd based rayon utamanya based umur cobaa
Negatif,2022,seandainya dana bantu anak masuk sekolah sedihnya iya tuhan anak bodoh umur muda sekolah negeri bodoh sekolahkan ppdb jakarta menyakitkan hati orgtua tunggal semoga pemerintah provinsi dkibisa solusi anak
Negatif,2022,gonta ganti kebijakan ppdb jakarta dinilai timbulkanpersoalan
Negatif,2022,pejuang ppdb jakarta lolos menangis tidak apa-apa ngerasain adilnya sistem usaha semaksimal semangat teman-teman nilai tertawa
Negatif,2022,ppdb jakarta mohon tidak jelas banget
Negatif,2022,iyanih kayaknya error melulu web ppdb jakarta kemarin ngeselin
Negatif,2022,ppdb zonasi jakarta kemarin anjing nama pas pilihan iseng lihat pilihan tidak ada uang nama pas kah pilihan tidak ada uang yah bolak scroll refresh tidak ada uang anjing panik main
Negatif,2022,terima ppdb kunyuk jakarta pakai nilai zonasi umur
Negatif,2022,ppdb jakarta bantai kesel banget
Negatif,2022,ppdb jakarta anjirr utg jawa barat
Negatif,2022,adil banget najis ppdb zonasi jakarta udaa tua masuk logiss banget anak masuk ketendang menunggu masuk negeri gila kapaan sistem nya
Negatif,2022,ombudsman jakarta raya disdik daerah khusus ibukota jakarta gagal menanggulangi histeria publik ppdb berita
Negatif,2022,dilema ppdb sekolah negeri jakarta umur daftar negeri umur daftar smp negeri umur nya kegeser daftar nilai raport akademik kalah umur
Negatif,2022,dilema ppdb sekolah negeri jakarta rangking juara kelas juara sekolah keterima periode ppdb kalah title juara lomba kartu kjp
Negatif,2022,ppdb jakarta hancur banget buset
Negatif,2022,minggu masuk sekolah adik diterima sekolah negeri sistem ppdb jakarta masuk akal
Negatif,2022,ppdb zonasi jakarta knpsih teman masuk swasta gara kehalang umur nilai trmsuk marah banget
Negatif,2022,tolong gap year ppdb jakarta tolong be bagus to me
Negatif,2022,ppdb jakarta jalur zonasi tua tua nich
Negatif,2022,sistem ppdb jakarta meresahkan
Negatif,2022,drama ppdb online daerah khusus ibukota jakarta part kayanya neehh hiks hiks anak nilai kalah anak umur
Negatif,2022,ppdb jakarta tua tua banget anjing
Negatif,2022,jakarta kawin tidak perlu daftar
Negatif,2022,ade nin nyangkut skolah negeri ggra klah umur maraahh ppdb daerah khusus ibukota jakarta gajelaass fakultas
Negatif,2022,ppdb jakarta kotoran
Negatif,2022,adil ppdb zonasi jakarta
Negatif,2022,ppdb jakarta error parah anjing
Negatif,2022,website ppdb jakarta cacat ngecrash melulu kaya perang tiket jam banget standby
Negatif,2022,web ppdb jakarta hancur ygy
Negatif,2022,pagi sulit mengakses web ppdb jakarta
Negatif,2022,ppdb jakarta gagal melulu iya jaringan aman
Negatif,2022,ppdb jakarta lemah otak bgtt
Negatif,2022,web ppdb jakarta beginii
Netral,2022,memenuhi kebutuhan masyarakat layanan paud dinas pendidikan provinsi daerah khusus ibukota jakarta membuka layanan ppdb ajaran satuan paud negerivtersebar jakarta peminat mendaftar kah satuan paud negeri meningkat
Netral,2022,memenuhi kebutuhan masyarakat layanan paud dinas pendidikan provinsi daerah khusus ibukota jakarta membuka layanan ppdb ajaran satuan paud negerivtersebar jakarta peminat mendaftar kah satuan paud negeri meningkat
Netral,2022,yaallah allahu akbar nyesel banget pas ppdb milih sman sman jakarta nyesel bersalahnya ampun banget
Netral,2022,penerimaan peserta didik ppdb online fons vitae marsudirini koja jakarta utara
Netral,2022,ehh akt afirmasi pakai umur iya ppdb jakarta akt pakai umur sih afirmasi diliat prio zona
Netral,2022,lihat web ppdb jakarta pakai zonasi urutannya pakai nya nilai berbeda jawa barat timur zonasinya kebanyakan pakai jarak
Netral,2022,jakarta pas ppdb zonasi jalur non zonasi pakai nem keatas masuknya pakai umur kayaknya jakarta perubahannya sih
Netral,2022,sih berpengaruh iya nder jakarta ppdb non un angkatan iya penurunan angkatan ppdb non un
Netral,2022,jakarta ppdb pakai zonasi
Netral,2022,daerah jakarta orang tua gagap teknologi antri token isi data ppdb kali orang tua melas kah petugas dibantuin input data gagap teknologi daerah area non signal mikir iya
Netral,2022,hallo sabtu agustus pkbm negeri tahap batas lapor ppdb lupa bagikan informasi kah teman mu membutuhkan iya
Netral,2022,catat link pendaftaran ppdb pkbm tahap daerah khusus ibukota jakarta
Netral,2022,pendaftaran ppdb pkbm tahap daerah khusus ibukota jakarta resmi dibuka simak jadwalnya
Netral,2022,kakak kakak kelas kemarin ppdb jakarta ngegunain kepengurusan ekstrakulikuler surat lantik surat si kaya kepengurusan osis
Netral,2022,hallo jadwal pendaftaran ppdb pkbm negeri tahap lupa bagikan informasi kah teman mu membutuhkan iya
Netral,2022,hallo jadwal pendaftaran ppdb pkbm negeri tahap lupa bagikan informasi kah teman mu membutuhkan iya
Netral,2022,hallo rabu agustus pkbm negeri tahap batas lapor ppdb lupa bagikan informasi kah teman mu membutuhkan iya
Netral,2022,hallo jadwal lapor ppdb pkbm negeri tahap lupa bagikan informasi kah teman mu membutuhkan iya
Netral,2022,jakarta kota kota ditambah sistem ppdb
Netral,2022,giat asn pusat pelatihan kerja daerah jakarta timur mengikuti podcast rabu belajar episode kah tema penerimaan peserta didik ppdb kanal youtube jakarta public policy center bpsdm daerah khusus ibukota jakarta diselenggarakan bpsdmprovinsi daerah khusus ibukota jakarta
Netral,2022,diterapin jakarta ppdb sekolah negeri zonasi kecamatan gitu iya sekolahnya vaham sih kayaknya tinggalnya jauuh
Netral,2022,orang tua wali sah siswa mendaftarkan anaknya jalur zonasi zonasi siswa ppdb daerah khusus ibukota jakarta smp harap mengacu
Netral,2022,deobitna proudly present ppdb jalur playlist resah jacob in jakarta ayo temennya diajakin daftar
Netral,2022,iyaa tangerang jakarta maksudku tauu sistem ppdb tangerang gimanaa
Netral,2022,hahahaha haloo kakel mts ngomong-ngomong daftar kemarin ppdb jakarta nerima kakak tangerang
Netral,2022,hallo jumat juli batas lapor ppdb daring lupa bagikan informasi kah teman mu membutuhkan iya
Netral,2022,hallo jumat juli batas lapor ppdb daring lupa bagikan informasi kah teman mu membutuhkan iya
Netral,2022,sur sur liaatt sur tertawa ppdb jakarta
Netral,2022,lapor ppdb jakarta tinggal klik
Netral,2022,hallo jadwal lapor ppdb daring lupa bagikan informasi kah teman mu membutuhkan iya
Netral,2022,ppdb smk daerah khusus ibukota jakarta tahap lapor
Netral,2022,hallo jadwal lapor ppdb daring lupa bagikan informasi kah teman mu membutuhkan iya
Netral,2022,ppdb sd daerah khusus ibukota jakarta tahap ketiga link pengumuman lapor
Netral,2022,ppdb jakarta tutup tidak bisa daftar kann
Netral,2022,ppdb mtsn man daerah khusus ibukota jakarta tahap link pengumuman lapor
Netral,2022,ppdb mtsn man daerah khusus ibukota jakarta tahap link pengumuman lapor
Netral,2022,pengalaman mengikuti ppdb online daerah khusus ibukota jakarta part
Netral,2022,ppdb depok kakak daerah khusus ibukota jakarta tinggalnya didaerah cinere mohon infonya persyaratannya jalur diikiuti terima kasih
Netral,2022,Cuma nyeritain tim coach persiapan igt si emak nyeletuk ikutan kah jakarta busetdah dikata join igt ppdb menangis banget
Netral,2022,ppdb hang tuah jakarta tutup selamat bergabung hang tuah jakarta
Positif,2022,bu pulau seribu nya fisik bagus diliat ppdb daftar ulang usul kayak unggulan pakai asrama calon siswa jakarta khawatir daftar disana
Positif,2022,perbaiki sistem zonasi ppdb daerah khusus ibukota jakarta indikasi numpang kakak hapuskan kelurahan langsung kecamatan sort pakai mendaftar pilihan sekolah tambahkan nilai ipk umur hapus
Positif,2022,disyukuri Cuma if could do this ppdb milih sekolah jakarta apapun sekolahnya jakarta
Positif,2022,wakil gubernur daerah khusus ibukota sistem ppdb jakarta tingkatkan kualitas siswa sekolah
Positif,2022,wakil gubernur daerah khusus ibukota jakarta ahmad riza patria mengeklaim sistem penerimaan peserta didik ppdb berhasil meningkatkan kualitas murid sekolah
Positif,2022,ppdb ulang ditahun setelahnya ayahku berusaha keras sekolah negeri masuk kah favorite jakarta indonesia menangis melompat sahabatku bersekolah
Positif,2022,kak min sori link lapor nya cari cari website ppdb jakarta ketemu mestinya dikasih kolom button khusus lapor kolom memantau hasil seleksi mudah tolong kasih link terima kasih
Positif,2022,buset ppdb tangerang japresnya diliat hasil seleksinya webnya curiga nyogok tertawa buset deh bang perasaan kemarin jakarta gitu banget jakarta berani tertawa kepseknya langsung dipanggil kali
Positif,2022,sistem ppdb online banten kayak daerah khusus ibukota jakarta iya peserta tampil web terima gaknya clear nilai raport peluang suap susah tertutup amp ujug pengumuman fair
Positif,2022,prihatin adik gap year usulan zonasi kah gubernur daerah khusus ibukota jakarta kah admin ppdb pemetaan zonasi ditetapkan peraturan gubernur nomornya admin ppdb sih
Positif,2022,ppdb jakarta sekolah unggulan nilainya bagus
Positif,2022,usaha nder pindah kakak sekolah gara-gara keluarga uang sekolah mencari sekolah gratis iya jakarta pindah ngomong-ngomong nder ngurusnya gratis bayar fc data pindah pas sistem ppdb zonasikok tertawa
Positif,2022,penyandang disabilitas ppdb daerah khusus ibukota jakarta
Positif,2022,ppdb jakarta japres lolos seleksi lulus smp huhuhu puji tuhan bersyukur teman lolos seleksi ppdb japres semoga jalur afirmasi amp zonasi keterima aamiinn bagus luck teman-teman semangat
Positif,2022,alhamdulillah keterima ppdb jakarta jalur prestasi bayangkan terima kasih god
Positif,2022,ppdb daerah khusus ibukota jakarta berjalan lancar
Positif,2022,komisi perlindungan anak indonesia ppdb jakarta berjalan lancar lupa password akun dominasi permasalahan poskoppdb
Positif,2022,semoga lolos ppdb gel jakarta semoga kakak dijauhkan kesialan dilancarkan dimudahkan urusannya aamiin rajin berdoa kak semangat nyerah jaga kesehatan iya makan minum istirahat bagus luck have bagus day
Positif,2022,salut sih bikin presentil akademik ppdb daerah khusus ibukota jakarta sedetail menghitung presentil akademik nilai akademik nilai non akademik akreditasi peringkat angkatan diramu nilai mewakili jalur prestasi
Positif,2022,kesulitan ppdb daerah khusus ibukota jakarta japri yaa stand by laptop bantuin sodara
Positif,2022,ppdb jalur zonasi beda jalur afirmasi kjp dan kawan-kawan jalur aspirasi amp keluhan warga sekolah sekolah jakarta kota jml sekolah jarak rapat daerah wil kabupaten
Positif,2022,kemudahan orang tua murid posko pelayanan ppdb wilayah ii jakarta barat sediakan laptop
Positif,2022,kemudahan orang tua murid posko pelayanan ppdb wilayah ii jakarta barat sediakan laptop
Positif,2022,ombudsman jakarta raya menjaga integritas pelaksanaan ppdb alami pelaksanaan ppdb
Positif,2022,iya sih miin ppdb banten transparan kaya ppdb jakarta sekolah negeri siswa perkelas sekolah negeri kelas orang siswa
Positif,2022,informasi ppdb jakarta dicari purwosusilo sistem variatif kesetaraan masyarakat
Positif,2022,menghindari kesalahan suku dinas pendidikan wilayah jakarta pusat gencar mensosialisasikan mekanisme pendaftaran ppdb orang tua murid
Positif,2022,pemerintah provinsi daerah khusus ibukota jakarta penerimaan peserta didik ppdb daring variatif membentuk kualitas pendidikan
Positif,2022,cari informasi saranin ppdb jakarta ppdb banten sistem nya ku transparan tergantung hoki ppdb banten pas seleksi nya tidak bisa lihat ppdb jakarta pantau web
Positif,2022,wakil gubernur daerah khusus ibukota jakarta ahmad riza patria penyelenggaraan penerimaan peserta didik ppdb berjalan
Positif,2022,ppdb jakarta pakai jalur kota alhamdulillah langsung diterima pil nder geser umur nya muda tidak tahu si diitung
Positif,2022,pendidikan tanggung dinas pendidikan daerah khusus ibukota jakarta menghargai masukan tahap penyusunan kebijakan ppdb pelajaran
