sentimen,tahun,tweet
Netral,2018,informasi ppdb dapat menghubungi telepon hunting extension tidak sd smp sma smk dan smk
Netral,2018,ppdb sdn dki jakarta tidak perlu sertakan kia
Netral,2018,informasi ppdb sds regina pacis jakarta
Netral,2018,ppdb smk telekomunikasi jakarta penerimaan peserta didik baru ta telah dibuka informasi lanjut smk telekomunikasi sekolah jakarta
Netral,2018,ombudsman perwakilan jakarta raya menemukan berbagai dugaan pelanggaran dan maladministrasi dalam penerimaan peserta didik baru ppdb online di bogor depok dan bekasi
Netral,2018,informasi pendaftaran ppdb smk telekomunikasi jakarta ta untuk keterangan lebih lanjut silahkan hubungi petugas ppdb kami di nomor atau nomor prosedur
Positif,2018,radar bogor sleman apresiasi ppdb dengan sistem zonasi jakarta radar bogor meski sempat men
Positif,2018,semua dilayani denga baik di posko ppdb online dki jakarta admin memantau proses pelayanan di posko
Positif,2018,admin memantau kunjungan gubernur dki jakarta di posko ppdb online dki jakarta alhamdulillah ppdb dki jakarta tahun ini berjalan lancar aman terkendali
Positif,2018,alhamdulillah ppdb sma negeri tahap pertama selesai dan yartika diterima di sma negeri jakarta
Positif,2018,sore ini jam ppdb jakarta tahap jalur lokal sman sudah ditutup dan dinyatakan kandidatnya sudah di terima keren proses seleksinya
Positif,2018,biasanya karena overload servernya dan tenggang waktu akan diperpanjang jakarta juga dahulu begitu tapi tahun ini sepertinya sudah bagus untuk ppdb
Positif,2018,dari penjelasan ini pemerintah daerah jakarta berkomitmen setiap anak dapat imunisasi tapi pemerintah daerah juga tidak mau anak gagal sekolah karena belum imunisasi oleh karena itu ppdb jadi semacam screening riwayat calon murid jalan tengah yang baik
Negatif,2019,pak presiden terbaik seumur hidupku kenapa iya kok ppdb dki jakarta lain dengan seluruh provinsi lain se indonesia tidak pakai sistem zonasi pak kasihan akan yang tidak bisa sekolah dinegri karena tidak bisa dapat kebijakan dari pak jokowi yaitu sekolah gratis
Negatif,2019,kenapa iya kok ppdb dki jakarta lain dengan seluruh provinsi lain se indonesia tidak pakai sistem zonasi kasihan akan yang tidak bisa sekolah dinegri karena tidak bisa dapat kebijakan dari pak jokowi yaitus sekolah gratis
Negatif,2019,kok sama iya rekapin hasil ppdb jakarta sejak bocahnya kelas tertawa
Negatif,2019,ombudsman sesalkan dki jakarta tidak terapkan ppdb zonasi ada apa
Negatif,2019,ombudsman sesalkan dki jakarta tidak terapkan ppdb zonasi ada apa
Negatif,2019,ombudsman sesalkan dki jakarta tidak terapkan ppdb zonasi ada apa
Negatif,2019,bagaimana merengking di ppdb online dki jakarta kok seperti tidak memenuhi aturan keterangan gambar nilai inisial siswa nilai inisial siswa seleksi tayang di online inisial tayang di
Negatif,2019,pindah domisili agar lolos sistem zonasi ppdb di jakarta pasti sia sia
Negatif,2019,frustrasi sama ppdb jakarta
Negatif,2019,pak ppdb dki jakarta saat ini sedang sangat kacau pak saya mau sekolah
Negatif,2019,to admin maaf mau tanya mengenai sistem zonasi khususnya seleksi masuk ppdb sman jakarta barat itu berdasarkan jarak dari rumah ke selokah tujuan terdekat atau tetap grading seperti tahun sebelumnya by nilai tertinggi soalnya saya merasa sebagai orang tua murid sistem zonasi ttpby nilai
Negatif,2019,ppdb jalur zonasi sma jakarta diwarnai keluhan soal waktu pelayanan
Negatif,2019,orang tua keluhkan lamanya proses ppdb sistem zonasi di jakarta
Negatif,2019,pak notice besok ppdb jakarta dibuka dan saya mau zonasi sudah dihapus kalau perlu ppdb ulang nilai saya bagus dan mati matian belajar dan keluarin banyak uang kalau hasilnya bodoh lebih baik saya tidak perlu sekolah pak biar pendidikan indonesia makin bobrok
Negatif,2019,setiap tahun ganti model ppdb saya bingung dengan orang pandai yang ada di jakarta mengapa selalu dunia pendidikan menjadi uji coba sistem ayo kembali ke bimbingan ki pukul dewantoro
Negatif,2019,orangtua murid nilai sistem zonasi ppdb tidak adil lewat
Netral,2019,pengantaran prakerin jakarta dan sekitarnya ppdb telah dibuka pendfataran
Netral,2019,smp muhammadiyah jakarta jalan tebet timur ii nomor tebet jakarta selatan jakarta selatan informasi penerimaan peserta didik baru ppdb tahun pelajaran smp muh
Netral,2019,besok juni ppdb madrasah dki jakarta diumumkan
Netral,2019,kamu punya prestasi simak cara mendaftar ppdb dki jakarta jalur prestasi
Netral,2019,kamu punya prestasi simak cara mendaftar ppdb dki jakarta jalur prestasi
Netral,2019,ini syarat lengkap ppdb online jenjang smp dan sma di dki jakarta
Netral,2019,besok juni ppdb madrasah dki jakarta diumumkan
Netral,2019,smp muhammadiyah jakarta jalan tebet timur ii nomor tebet jakarta selatan jakarta selatan informasi penerimaan peserta didik baru ppdb tahun pelajaran smp muh
Netral,2019,pendaftaran ppdb online sd provinsi dki jakarta
Netral,2019,simak ketentuan dan jadwal jalur zonasi ppdb sma dki jakarta
Netral,2019,hasil ppdb madrasah man dki jakarta diumumkan cek di sini
Netral,2019,ppdb smk santa theresia jakarta
Netral,2019,passing grade hasil ppdb smp dki jakarta tahun
Netral,2019,sma dengan jurusan bahasa di ppdb dki jakarta melalui
Netral,2019,kamu punya prestasi simak cara mendaftar ppdb dki jakarta jalur prestasi
Netral,2019,hasil ppdb madrasah man dki jakarta diumumkan cek di sini
Netral,2019,mendikbud jakarta penuhi syarat terapkan ppdb zonasi penuh mendikbud muhadjir
Netral,2019,mendikbud jakarta penuhi syarat terapkan ppdb zonasi penuh mendikbud muhadjir
Netral,2019,smk jakarta pusat ppdb nyimas
Netral,2019,pengumuman hasil ppdb madrasah man dki jakarta dilakukan hari ini
Positif,2019,ppdb dki jakarta tahun sudah berakhir selamat bagi yang diterima di sekolah negeri bagi yang belum diterima jangan putus asa ini bukan akhir dari segalanya seperti biasa admin akan hibernasi sampai menjelang ppdb tahun depan sekali lagi selamat dan semangat
Positif,2019,alasan penulis status tidak perlu pajang foto presiden karena kagum ppdb dki lewat
Positif,2019,setuju kemarin sudah coba untuk advokasi kebijakan ppdb alhamdulillah untuk jakarta tidak ada kasus serupa daerah lain kemudian mulai coba diskusi bersama buat perbaikan paud terkait konstruksi benar kalau dinas pendidikan belum paham betul tentang konstruksi dan desain yang ramah anak
Positif,2019,semoga bisa mengevaluasi tahun depan aturan ppdb misalnya jadikan jakarta sebagai percontohan beberapa tahun kalau sukses baru terapkan di daerah lain kalau tidak ada evaluasi mohon copot saja mendikbudnya
Positif,2019,yang pasti di jakarta yang dipimpin pak penerimaan siswa baru alias ppdb tidak ribet tidak pakai antri dari jam pagi syarat daftar sekolah pakai nilai un bukan pakai meteran kami para wali murid mengucapkan terima kasih pak anies baswedan
Positif,2019,sistem ppdb dki jakarta sudah cukup bijaksana dan cukup akomodatif dalam menyalurkan aspirasi warganya untuk mendapatkan pendidikan yang adil layak dan memperhatikan keseimbangan lingkungan kota dan penduduk
Positif,2019,dibantuin sama admin dengan fast respon dimasa hari terakhir ppdb jakarta non dki berarti banget jasa informasinya dimasa genting ppdb begini aku sebagai ibu yang jadi sangat terbantu didoain berkah murah rezeki kalau belum ketemu jodoh dipertemukan yang terbaik terima kasihbanyak min
Positif,2019,berlangsung lancar ppdb jakarta yang digagas anies baswedan bisa jadi rujukan swamedium
Positif,2019,berlangsung lancar ppdb jakarta yang digagas anies baswedan bisa jadi rujukan swamedium
Positif,2019,opini saya sejak tahun lalu hingga kini ppdb jakarta cukup fair dan transparan
Positif,2019,berlangsung lancar fahira idris ppdb jakarta bisa jadi rujukan kota lain
Positif,2019,berlangsung lancar ppdb jakarta bisa jadi rujukan kota lain
Positif,2019,lancar ppdb jakarta bisa jadi rujukan kota lain
Positif,2019,berlangsung lancar ppdb jakarta bisa jadi rujukan kota lain
Positif,2019,berlangsung lancar ppdb jakarta bisa jadi rujukan kota lain
Positif,2019,ppdb jakarta dinilai bisa jadi rujukan baca
Positif,2019,kepala dinas pendidikan kadisdik dki jakarta ratiyono menilai penerapan sistem zonasi sekolah pada penerimaan peserta didik baru ppdb di jakarta sudah cukup adil
Positif,2019,kadisdik dki klaim penerapan zonasi ppdb di jakarta sangat adil
Positif,2019,kadisdik dki klaim penerapan zonasi ppdb di jakarta sangat adil
Positif,2019,kadisdik dki jakarta menilai penerapan sistem zonasi sekolah pada ppdb di jakarta sudah cukup adi
Positif,2019,kepala dinas pendidikan kadisdik dki jakarta ratiyono menilai penerapan sistem zonasi sekolah pada penerimaan peserta didik baru ppdb di jakarta sudah cukup adil
Positif,2019,berlangsung lancar ppdb jakarta yang digagas anies baswedan bisa jadi rujukan
Positif,2019,meski mengular antrean ppdb di sma jakarta kondusif
Positif,2019,dukung penerapan sistem zonasi ppdb wali murid peluang diterima di sekolah unggulan lebih besar lewat
Positif,2019,heboh ppdb online tapi jakarta masih anteng saja untungnya dari tahun sudah online meski tiap tahun ada perubahan tapi semakin baik sepertinya daerah lain harus buat jalur ppdb juga ini umum amp zonasi tapi nem tetap jadi patokannya
Positif,2019,setuju min kami dukung admin agar tetap menyeleksi pakai nilai un jangan dengarkan yang kepanasan gara gara nemnya kecil tertawa bagus job ppdb jakarta
Positif,2019,pelaksanaan penerimaan peserta didik baru ppdb tahun di dki jakarta berjalan kondusif menurut fsgi kemendikbud perlu mencontoh pemerintah provinsi dki jakarta dalam penerapan sistem zonasi dalam ppdb bagaimana pengalaman teman teman yang mengurus tahun ini
Positif,2019,ppdb dki jakarta selama ini dianggap baik bisa dicontoh
Positif,2019,warga apresiasi pelaksanaan ppdb online jalur inklusi di jakarta
Positif,2019,warga kelurahan rawa badak selatan koja jakarta utara mengapresiasi jalur inklusi penerimaan peserta didik baru ppdb online bagi calon pelajar tingkat sd hingga sma atau smk
Negatif,2020,maaf bos sudah dbl founder tidak ada uang surabaya merdeka bos tertawa sukarno lahir disini jakarta itu kota apa kelahiran umur si ppdb saja pakai umur niat sekolah tidak tertawa
Negatif,2020,kadisdik dki jakarta ini buat blunder dan ramai saja kemarin blunder soal ppdb sekarang soal ujian suka banget iya buat blunder dia sudah tidak bisa tidur nyenyak ini sudah viral begini perlu ditelusuri apa maksud dari soal ujian tersebut
Negatif,2020,fix nder kamu kalau ikut ppdb jakarta tahun ini kepental melulu
Negatif,2020,ini akibatnya kalau tidak benar kerja yang patung di masker di lah yang atap rumah warga fly over tapal kuda di cat atau ganjil genap motor diberlakukan ppdb jakarta menggunakan umur sebagai acuan
Negatif,2020,gubernur anies baswedan baswedan dan dinas pendidikan dki jakarta digugat ke ptun dki soal ppdb ppdb dki dengan seleksi usia disebut melanggar aturan kemendikbud
Negatif,2020,para orang tua murid memasukkan gugatan kepada pemerintah provinsi dki jakarta ke ptun jakarta karena menerapkan syarat yang diskriminatif dalam ppdb online sehingga merugikan keberlangsungan pendidikan bermutu bagi siswa murid joi
Negatif,2020,sosialisasi yang buruk
Negatif,2020,sosialisasi yang buruk
Negatif,2020,sosialisasi yang buruk
Negatif,2020,sosialisasi yang buruk
Negatif,2020,sosialisasi yang buruk
Negatif,2020,tidak nonton berita kalau ppdb di dki jakarta bermasalah iya
Negatif,2020,ada demo lagi iya anies baswedan terkait ppdb dki jakarta bagaimana itu solusinya anies baswedan jangan sembunyi baik anda
Negatif,2020,sadar atau tidak pelaksanaan penerimaan peserta didik baru ppdb meninggalkan persoalan baru di jakarta saya menerima laporan ada ratusan siswa yang hingga saat ini belum terdaftar di sekolah mana pun dan terancam putus sekolah
Negatif,2020,pelajar peraih ratusan penghargaan aristawidya maheswari memperoleh tawaran melanjutkan pendidikan sma di sejumlah sekolah swasta di jakarta usai gagal lolos seleksi negeri kok bisa
Negatif,2020,kritik anies baswedan soal ppdb dan reklamasi presidium barometer jakarta gelar aksi demonstrasi
Negatif,2020,komisi perlindungan anak indonesia komisi perlindungan anak indonesia menyebut ada siswa yang tidak lolos penerimaan peserta didik baru ppdb dki jakarta yang belakangan menjadi kisruh karena syarat usia baca selengkapnya di
Negatif,2020,kids belum lama ini heboh dengan berita seorang siswi bernama aristawdya maheswari siswi umur tahun yang berhasil mememiliki piala perhargaan namun gagal diterima di sma negeri di jakarta pada seleksi penerimaan peserta didik baru atau ppdb
Negatif,2020,ppdb zonasi dihujani kritik kini ribuan kursi kosong di sekolah jakarta tidak terisi
Negatif,2020,seharusnya sebelum menerapkan sistem ppdb zonasi diknas dki harus memperhitungkan atau mensosialisasikan lebih dahulu sistem ini memang enak sekarang akhirnya banyak kursi kosong jangan smp nanti kursi kosong diperjual belikan loh iya apalagi untuk sekolah favorit di jakarta
Negatif,2020,lembaga swadaya masyarakat gmbi dki jakarta menuntut kepada gubernur dki jakarta agar ppdb segera dicabut
Negatif,2020,swasta mana mungkin bisa dicampuri bang makanya wali murid saya rebutan cari sekolah negeri saat ppdb jakarta kemarin karena gratis spp dan lain-lain termasuk buku yang dipinjamkan bahkan banyak yang dari sekolah swasta pindah ke negeri juga demi gratis tapi iya itu seleksi kacau
Negatif,2020,memang yang perlu dikritisi sekarang itu sistem ppdb yang makin kacau ditambah pula model zonasi yang tidak jelas lebih parah di jakarta pakai sistem umur semua sekolah belum bisa disamakan semua kasian anak yang memang pintar dan harus sekolah yang tidak mendukung halo
Negatif,2020,mulai kebijakan normalisasi sungai di jakarta formula di monas yang mengorbankan pohon mahoni penanganan covid dan bantuan untuk para korban dampak pandemi yang ambur adul masalah ppdb yang akhirnya mengorbankan anak berprestasi menunjukkan ketidakmampuanmu anies baswedan baswedan
Negatif,2020,sebenarnya aku orangnya tidak dendam atau kalau nyesel kecewa tidak lama cuma kadang masih kecewa sama ppdb zonasi pakai umur karena aku masih oktober nanti baru harapan cuma di japres tapi rata anak negeri kalah sama swasta sejak masuk smp aku sudah netapin mau masuk sman jakarta sekolah
Negatif,2020,tidak habis fikir memang saya kenal orang model begini emak yang maki anaknya tidak keterima di sekolah negeri gara aturan ppdb di jakarta tahu tidak yang disalahin siapa mendikbud
Negatif,2020,iyaa bapak aku akan dipindah kerjanya ke sana dari januari lalu karena aku udah malas ikut ppdb jakarta jadi aku ikut ke ambon saja huhu
Negatif,2020,saya akan lihat ppdb jakarta ada yang paling muda nya tahun bulan kalau tidak salah ini saya yang tahun masih lama nyoba di jakarta bagaimana anjing auto swasta
Negatif,2020,tidak tahu lelah banget sama ppdb jakarta
Negatif,2020,gubernur covid konpres melulu ppdb jakarta diam akan bodoh
Negatif,2020,kadis pendidikan dki jakarta membuat kebijakan ppdb dengan batas usia akibatnya para orang tua tambah pusingg mencari uang untuk daftar anak di sekolah swasta konyoll
Negatif,2020,apa rencana pemerintah dki jakarta untuk anak yang gagal diterima ppdb kalau ortunya tidak sanggup daftarkan ke sekolah swasta karena mahal bagamana
Negatif,2020,semoga ada orang yang mau membiayai untuk melanjutkan skolah iya adik tidak lolos ppdb jakarta pelajar peraih ratusan penghargaan akhirnya putus sekolah
Negatif,2020,kenapa iya dewan perwakilan rakyat daerah dki jakarta diam seribu bahasa ketika orang tua siswa merasa dirugikan disusahkan dengan aturan usia dalam ppdb di dki jakarta oleh kepala dinas pendidikan anehh katanya perwakilan rakyat waktu kampanye saudara laki-laki mengaku mengaku berjuang untuk rakyat kasihan deh
Netral,2020,jakarta indonesia
Netral,2020,tahun pelajaran baru sudah dimulai walaupun harus sekolah online adik adik tetap semangat untuk belajar iya kita kilas balik ayo apa saja jalur ppdb yang disiapkan pemerintah provinsi dki dan kenapa sih ada banyak jalur
Netral,2020,mau tidak mau harus baca web nya ppdb jakarta just di case
Netral,2020,sejarah mencatat ppdb dki jakarta
Netral,2020,kisruh penerimaan peserta didik baru ppdb di dki jakarta hingga saat ini masih menjadi perbincangan
Netral,2020,anies baswedan baswedan minta kajian penyaluran bantuan bagi seluruh siswa yang gagal dalam ppdb
Netral,2020,pelaksanaan sosperda nomor tahun tentang kepemudaan oleh ketua fraksi nasdem dewan perwakilan rakyat daerah dki jakarta wibi andrino pada kesempatan ini menyerap banyak aspirasi seperti masalah kesehatan ppdb dki hingga pelatihan umkm online
Netral,2020,dinas pendidikan dki jakarta menanggapi kabar soal adanya siswa berprestasi bernama aristawidya maheswari gadis yang kerap disapa arista itu gagal lolos ppdb dki meskipun memiliki banyak prestasi
Netral,2020,tahun ajaran baru sudah dimulai namun setidaknya ada kursi dalam kuota penerimaan peserta didik baru ppdb dki jakarta tahun yang kosong
Netral,2020,terdapat nama yang mengadukan nasibnya ke komisi perlindungan anak indonesia karena gagal lolos ppdb dki daftar itu telah diserahkan ke dinas pendidikan dki jakarta untuk ditindaklanjuti
Netral,2020,ppdb jakarta resmi berakhir tahun ini ppdb jakarta menambah syarat usia untuk peserta didik
Netral,2020,ppdb dki jakarta selesai ribuan kursi masih kosong
Netral,2020,kursi kosong sekolah negeri usai ppdb jakarta paling banyak terdapat pada jenjang sekolah dasar sd yakni persen atau kursi
Netral,2020,dinas pendidikan dki jakarta sebut ada kursi tersisa usai ppdb
Netral,2020,ppdb jakarta sisakan kursi kosong
Netral,2020,ppdb berakhir masih ada kursi kosong di jakarta penyebab adanya kursi kosong pada penutupan ppdb zonasi adalah sekolah berlokasi di dekat pusat perkantoran atau di kepulauan seribu
Netral,2020,ppdb dki jakarta polemik persyaratan usia dalam pbb halo sahabat fema pelaksanaan ppdb di dki jakarta tahun ini terdapat perbedaan yaitu penggunaan usia sebagai salah satu faktor pertimbangan dalam penerimaan calon peserta didik baru
Netral,2020,sdn srengseng pagi kembangan jakarta barat mengadakan sosialisasi pembelajaran jarak jauh pjj bagi para wali murid
Netral,2020,iluni universitas indonesia kembali mengadakan berbagai webinar di antaranya profesional kontra kebijakan ppdb dki jakarta dan webinar seputar inovasi koperasi policy center iluni universitas indonesia juga kembali mengadakan diskusi yang diunggah ke spotify dan youtube iluni universitas indonesia serta diskusi dengan para aktivis alumni universitas indonesia
Netral,2020,ikut ppdb jakarta bang
Positif,2020,saya tadinya mau ipa tetapi gara kelempar melulu jadi terpaksa milih ips tadinya mau linjur sih ternyata ips enak juga xixixixix terima kasih ppdb jakarta
Positif,2020,sistem penerimaan peserta didik baru ppdb rupanya menyisakan kisah haru bunda seorang putri sopir angkot berhasil lolos sma favorit di jakarta
Positif,2020,cerita ppdb di calon siswa dari keluarga miskin bisa masuk sekolah inilah semangat pendidikan di ibukota
Positif,2020,ketua komisi apresiasi bantuan untuk siswa tidak lolos ppdb berita jakarta
Positif,2020,beruntung yaa warga jakarta punya gubernur yang sangat peduli selain uang pangkal pemerintah provinsi dki akan bantu spp siswa gagal ppdb yang masuk sekolah swasta
Positif,2020,walaupun proses ppdb di dki jakarta menuai polemik tapi ketua komisi dewan perwakilan rakyat daerah dki jakarta menilai keseluruhan proses sudah baik
Positif,2020,tvonenews menge tweet pengamat pendidikan menyebutkan jika pelaksanaan ppdb zonasi di dki jakarta justru memberikan rasa keadilan bagi masyarakat menengah ke bawah
Positif,2020,alhamdulillah masuk ppdb jakarta bun
Positif,2020,pengurus dan kader psi dirikan posko untuk bantu warga yang kesulitan daftarkan anaknya dalam program penerimaan peserta didik baru ppdb semoga keruwetan penerimaan siswa baru di jakarta segera teratasi
Positif,2020,pengamat pendidikan menyebutkan jika pelaksanaan ppdb zonasi di dki jakarta justru memberikan rasa keadilan bagi masyarakat menengah ke bawah
Positif,2020,ada kabar baik dari kemendikbud soal ppdb dki jakarta semoga menyelesaikan kekisruhan
Negatif,2021,pokonya sudah kamu di osis atau ekskul jabatannya apa langsung ajuin saja biar dapat poin tapi saya entah tidak tahu bandung bagamana krna tiap daerah beda sistem ppdb prestasinya cuma jakarta memang jelek banget anjr
Negatif,2021,aa queela keren aku juga seangkatan sama kamu jakarta ppdb nya pakai umur mau menangis umur aku masih bahkan saat itu sudah pasrah banget tidak bisa masuk sma jadi aku smk tertawa tetapi ll do my best
Negatif,2021,ppdb jakarta makan gaji buta gajelas peraturannya kasian anak
Negatif,2021,ppdb jakarta tolong pecat pegawai pegawai yang tidak bisa kerja kebijakan yang gamasuk akal makin gila saja peraturannya sekola iya pakai nilai bukan umur
Negatif,2021,ppdb jakarta gajelas
Negatif,2021,oalah luar jakarta itu offline iya kalau di jakarta dari sudah ppdb online lupa sejak kapan mulai online dan dari dahulu sampai sekarang pasti ada saja masalah di servernya heran saya tidak berubah padahal sudah bertahun tahun
Negatif,2021,kasihan banget lihat ibu yang pasrah menunggu sisa kursi sekolah benar ppdb yang menguras emosii
Negatif,2021,ppdb jakarta sekarang kacau banget sistem prestasi pakai umur amppersentil sistem zonasi pakai umur sudah deh yang umur muda tapi pintar kalah sama yang umurnya lebih lebih lebih
Negatif,2021,ppdb jakarta ngaretnya kelebihan ih sia sia saya bangun pagi anjing
Negatif,2021,ppdb jakarta kenapa sistemnya ngeselin sudah
Negatif,2021,ini ppdb jakarta bagamana sii saya mau daftarin sepupu saya biar cepat bahkan tidak bisa milih skolah
Negatif,2021,ini bagaimana ppdb jakarta masa tidak ada pilihan sekolah nya
Negatif,2021,ppdb jakarta stress anjing
Negatif,2021,iya salah banget ppdb jakarta masa iya tahun baru mau masuk sma jdnya yang kecil pada swasta sedih banget
Negatif,2021,sudah tahun ini ppdb dki bermasalah pendidikan berkualitas atau umur yang berkualitas tidak semua keluarga di jakarta mampu untuk sekolah swasta pilihan gap year bahkan timbulkan gunung es ke depannya tolong bapak ibu yang terhormat dipertimbangkan ulang
Negatif,2021,ada yang orang jakarta tidak kamu tidak kesel apa sama ppdb zonasii tahun masih keterima jing duhh kalau gni saya gaush memikirkan nilai yang penting umur saya tua
Negatif,2021,plss depresi banget sama ppdb jakarta sistem zonasinya kurang adil
Negatif,2021,yang tua yang sekolah yang muda hancurr menuju
Negatif,2021,jalur umur ini mah bukan jalur zonasi badut banget ppdb jakarta
Negatif,2021,lelah sama sistem ppdb jakarta
Negatif,2021,tidak tahu ini bohong banget memang ppdb jakarta tidak jelas
Negatif,2021,gimanasi ppdb jakarta katamya zonasi kok pakai umur aneh
Negatif,2021,rebutan booking vaksin di jakarta bikin sakit perut berasa ppdb
Netral,2021,kalau di dom jakarta tidak pengaruh nder kemarin aku ppdb yang dipakai rapot smstr saja
Netral,2021,bisa nder coba search ppdb saja sebentar juga muncul kalau masalah nilai yang murni di ppdb jakarta bidang prestasi kurang tapi sekedar informasi saja yang kuat itu kalau ada nilai dari lomba lomba pengurus ekskul
Netral,2021,lombanyaa kira kapann soalya kalau ppdb jakarta kalau gasalaa lombanya maksimal bulan sebelum pendaftaran ppdb gituu
Netral,2021,kalau kamu di daerah jakarta pakai zona zona saja nder yang ppdb kemarin dan kalopun jarak ke sekolah bisa gamasuk zona utamanya begitu tapi kalau bukan di jakarta kurang tahu deh
Netral,2021,sudah siap mengikuti tes seleksi ppdb madrasah istiqlal jakarta jangan sampai terlewat iya sabtu desember
Netral,2021,presentasi ppdb di smp jakarta
Netral,2021,presentasi ppdb di smp jakarta
Netral,2021,hari ini kita tim ppdb tahun pelajaran berkunjung ke smp jakarta
Netral,2021,indonesia
Netral,2021,indonesia
Netral,2021,kemarin sudah ngecek ppdb jakarta sd negeri inceran dia paling kecil masuk usia tahun bulan mudah an nanti nadim lolos deh di smp sma negeri karena mirip kamu mbak meth ingin sd swasta smp sma nya negeri
Netral,2021,akan kita pasti dapat apa iya semacem sertif pengurus osis iya nah itu sama sekolah dilampirin gituu jadi kayak dapat nilai plus ngomong-ngomong ini aku ppdb jakarta
Netral,2021,yahh karena ppdb jadi tidak bisa iya kamu memang di jakarta mana deh
Netral,2021,ppdb bersama sma dki jakarta dimulai inilah daftar sma swasta yang terlibat beserta kuotanya
Netral,2021,ppdb bersama sma dki jakarta dimulai inilah daftar sma swasta yang terlibat beserta kuotanya
Netral,2021,ppdb bersama sma dki jakarta dimulai inilah daftar sma swasta yang terlibat beserta kuotanya
Netral,2021,ppdb bersama sma dki jakarta dimulai inilah daftar sma swasta yang terlibat beserta kuotanya
Netral,2021,ppdb bersama sma dki jakarta dimulai inilah daftar sma swasta yang terlibat beserta kuotanya
Netral,2021,ppdb bersama sma dki jakarta dimulai inilah daftar sma swasta yang terlibat beserta kuotanya
Netral,2021,ppdb bersama sma dki jakarta dimulai inilah daftar sma swasta yang terlibat beserta kuotanya
Netral,2021,ppdb bersama sma dki jakarta dimulai inilah daftar sma swasta yang terlibat beserta kuotanya
Netral,2021,ppdb bersama sma dki jakarta dimulai inilah daftar sma swasta yang terlibat beserta kuotanya
Netral,2021,ppdb bersama sma dki jakarta dimulai inilah daftar sma swasta yang terlibat beserta kuotanya
Netral,2021,ppdb bersama sma dki jakarta dimulai inilah daftar sma swasta yang terlibat beserta kuotanya
Netral,2021,smk mau tanya misal aku dari jakarta timur mau ppdb di jakarta selatan itu bisa tidak
Netral,2021,saya mau bertanya deh misal dari jakarta timur mau ppdb sma di jakarta selatan itu bisa tidak
Netral,2021,ppdb bersama sma dki jakarta dimulai inilah daftar sma swasta yang terlibat beserta kuotanya
Netral,2021,ppdb bersama sma dki jakarta dimulai inilah daftar sma swasta yang terlibat beserta kuotanya
Netral,2021,ppdb bersama sma dki jakarta dimulai inilah daftar sma swasta yang terlibat beserta kuotanya
Netral,2021,ppdb bersama sma dki jakarta dimulai inilah daftar sma swasta yang terlibat beserta kuotanya
Netral,2021,sd kartika jaya jakarta dengan kepala sekolah pak pamuji sukses menjadi yang terbaik di dki jakarta apa tips beliau untuk guru anak dan orang tua untuk belajar dan ppdb di masa pandemi ayo kita kepoin teman-teman
Netral,2021,ngomong-ngomong itu aku ppdb jakarta iya coba tanya ppdb kotamu saja
Netral,2021,catat baik baik begini alur dan tempat ppdb sd sma jalur zonasi di jakarta
Netral,2021,adik saya tahun ini lulus smp dan mau lanjut ke sma ikutlah ppdb dki jakarta beuh iya ampun deg degan
Netral,2021,dibuka sampai besok ini tata cara pendaftaran ppdb bersama sekolah negeri dan swasta di jakarta
Netral,2021,ombudsman perwakilan jakarta raya menemukan beberapa dugaan malaadministrasi pada ppdb tingkat sma smk di bodebek
Positif,2021,dki itu paling bagus ppkm masih bisa salurkan bansos juta per kakak untuk yang berhak program vaksin sudah belajar tatap muka sudah ppdb lancar dead rate covid dahulu tertinggi sekarang jadi turun jakarta pintar jakarta linko warga daerah lain saja iri dengan dki
Positif,2021,kemarin di ppdb jakarta osis juga penting apalagi kalau jabatan osisnya tinggi lumayan banget tambahan nilainya
Positif,2021,ppdb dan alhamdulillah nya di ini aku bisa keterima di salah satu sma negeri di jakarta pusat jadi poin utamanya kalau kalian yang angkatan smp mau ikut ppdb sma lagi tahun alias gapyear bisa langsung ikut saja tanpa harus datang ke mana
Positif,2021,komisi perlindungan anak indonesia ppdb dki jakarta libatkan sekolah swasta patut ditiru
Positif,2021,kemarin sore saya mengunjungi posko ppdb penerimaan peserta didik baru di sekolah sman jakarta penerimaan siswa berjalan lancar tapi ada beberapa catatan aspirasi yang saya terima dan nanti akan saya tindak lanjut ke dinas terkait
Positif,2021,ppdb jakarta bagus juga bisa kepantau begitu calon peserta didiknya saya yang kudet apa memang ini sistem baru
Positif,2021,semangat buat ppdb jakarta seminggu kemarin ngurusin ppdb tidak bisa tidur alhamdulillah sudah selesai
Positif,2021,hebat posko ppdb jakarta professional amp sangat melayani masyarakat sungguh kagum ingin segera pindah ke jakarta tapi kalau pindah sekarang tahun depan kknya belum genap setahun takut bingung daftar skolah
Positif,2021,ppdb jakarta ternyata ada yang bagus juga
Positif,2021,siang saya saat ini sedang mengecek bagaimana jalannya ppdb yang sedang berlangsung di sman kemanggisan jakarta barat semua proses memang lebih teratur dibanding tahun lalu namun ada beberapa catatan yang dapat dioptimalkan kedepannya
Positif,2021,pemerintah dki jakarta menggandeng sekolah swasta untuk menambah daya tampung bagi calon siswa dari jalur afirmasi dalam penerimaan peserta didik baru ppdb tahun ini kerja sama ini diutamakan di kelurahan yang tidak memiliki sekolah
Positif,2021,keren pak anies baswedan masalah sudah beres tapi akan lebih baik lagi kalau tidak perlu ada masalah sejak hari pertama bapak akan dahulu juga menteri akan pak tahu akan pak pendaftaran ppdb seperti apa
Positif,2021,keren pak anies baswedan masalah sudah beres tapi akan lebih baik lagi kalau tidak perlu ada masalah sejak hari pertama bapak akan dahulu juga menteri akan pak tahu akan pak pendaftaran ppdb seperti apa
Positif,2021,keren pak anies baswedan masalah sudah beres tapi akan lebih baik lagi kalau tidak perlu ada masalah sejak hari pertama bapak akan dahulu juga menteri akan pak tahu akan pak pendaftaran ppdb seperti apa
Positif,2021,wakil gubernur dki ppdb secara online di jakarta berlangsung sangat baik
Positif,2021,ppdb di jakarta utara berjalan baik
Positif,2021,pemerintah kota administrasi jakarta utara memastikan pelaksanaan pendaftaran peserta didik baru ppdb terkendali
Positif,2021,apresiasi untuk dinas pendidikan provinsi dki jakarta dalam melayani masyarakat di masa ppdb ini
Positif,2021,gubernur dki jakartaanies baswedanmemastikan dua permasalahan situsppdbdki jakarta tahun sudah beres dan tertangani dengan baik
Positif,2021,sudah ada perbaikan kebetulan anak saya juga ikut ppdb dki awalnya memang agak bermasalah program sidanira bahkan luar biasa gubernur dki jakarta ikut memantau karena dia mantan mendikbud republik indonesia jadi tahu amp ini hal yang vital bagi bibit sumber daya manusia di dki jakarta ke depan gerak cepat amp monitor yang bersangkutan
Positif,2021,alat saya saat itu adalah pc intel atom dengan memori gb modem flash telkomsel tahun demi tahun berlalu kesulitan ketidakcakapan mengakses internet ternyata masih kerap muncul untungnya beberapa warung internet di jakarta membuka jasa asistensi ppdb solidaritas yang bagus
Positif,2021,gubernur dki jakarta anies baswedan baswedan gerak cepat dan memastikan kesulitan dalam pengajuan akun saat ppdb tahun ajaran sudah bisa teratasi dan sudah bisa diakses
Positif,2021,gerak cepat banget ini ppdb dki jakarta bermasalah pak gubernur turun tangan pastikan proses lancar bangga saya punya gubernur seperti beliau
Positif,2021,alhamdulillah kendala yang kemarin sempat muncul dan dirasakan para siswa dan orangtua yang mengikuti ppdb jakarta sudah tertangani dengan baik
Positif,2021,wah selamat iya tipsnya berguna buat daftar semoga bisa istirahat buat yang lain semoga bermanfaat yaa
Positif,2021,kasih untuk para staff dan pengurus ppdb dki jakarta akhirnya sekian lama bisa daftar japres semoga hal ini tidak terjadi di tahun yang akan datang dan bisa menjadi pelajaran supaya sistem pendidikan di indonesia bisa maju yang memiliki sumber daya manusia unggul
Positif,2021,ombudsman apresiasi perbaikan ppdb dki jakarta
Positif,2021,paling enak ppdb jakarta asli
Positif,2021,dahulu aku benar benar taat banget sama perintah allah pas dekat dekat ppdb jakarta setiap hari tahajud doa solawat di sekolah yang aku ingin tapi takdir berkata lain sepertinya allah memberikan aku yang terbaik aku ketendang sma mana pun akhirnya daftar smk mungkinini yang terbaik
Positif,2021,waktu itu maki maki sama ppdb jakarta sekarang aku bersyukur sangat bisa menemukan teman yang support lebih support diri aku sendiri dari pada teman smp dan yaa sekarang aku enjoy sangat sama sklhku sekarang walaupun praktek nya banyak banget iya namanya juga smk sih tertawa
Positif,2021,pemberkasan untuk sekolah negeri tahun kemarin berdasar pengalaman saya mendaftarkan keponakan saya sd negeri kalau jakarta sudah bisa online sistem ppdb di jakarta sudah bagus ada juga tahap daftar ulang setelah itu ini saya tidak tahu prosesnya bagaimana orang tuanya yang mengurus
Negatif,2022,bagus sih sayang pemerataan pembiayaan pendidikan dari apbn dan apbd belum adil seharusnya semua siswa yang mengajukan diri untuk sekolah lewat ppdb pemerintah provinsi jakarta dilayani semua kalau kuota negeri kurang dialihkan ke swasta di subsidi terus jangan yang punya kjp dan pip saja
Negatif,2022,ingat tidak pas ppdb juga orang tua sudah demo tidak tapi pemerintahnya bahkan ketawa tidak peduli seperti beneran pas lagi unjuk rasa diketawain dan dibodohin gitu di depan para pendemo ini demi pelajar loh pemerintah memang sejahat itu iya kalau tidak salah waktu itu pas demo ke dinas pendidikan jakarta
Negatif,2022,kemendikbud walaupun angkatan akan jadi percobaan nntinya tertawa semangat iya karena jujur saya masuk smk juga karena percobaan tertawa yang orang jakarta tahu lah iya bagaimana kacaunya ppdb jakarta so iya sudah cukup ppdb yang jadi hal saya waktu itu kecewa sama sistem
Negatif,2022,highschool di jakarta highschool di jakarta saya ditolak ppdb dki anjing
Negatif,2022,tangerang anjing ppdb jakarta tolak saya akan jadi tidak bisa ikut trend high sekolah di jakarta sudah lama tapi tetap saja sakitnya masih berasa men
Negatif,2022,seandainya dana itu bisa bantu anak saya masuk sekolah sedihnya iya tuhan karena anak bodoh dan umur muda tidak dapat sekolah negeri padahal karena bodoh makanya saya sekolahkan ppdb jakarta sangat menyakitkan hati saya sebagai orgtua tunggal semoga pemerintah provinsi dki bisa memberikan solusi untuk anak kami
Negatif,2022,gonta ganti kebijakan ppdb jakarta dinilai banyak timbulkan persoalan
Negatif,2022,pejuang ppdb jakarta yang belum lolos menangis saja tidak apa-apa saya juga ngerasain bagaimana tidak adilnya sistem sama kita yang sudah usaha semaksimal mungkin semangat teman-teman nilai tinggi percuma ternyata tertawa
Negatif,2022,ppdb jakarta mohon tidak jelas banget
Negatif,2022,iya nih kayaknya error melulu web ppdb jakarta dari kemarin ngeselin juga
Negatif,2022,ppdb zonasi jakarta kemarin anjing nama saya pas awal awal ada di pilihan pertama terus iseng lihat dua pilihan saya yang lain tidak ada uang nama saya pas balik ke pilihan pertama kok sudah tidak ada uang yah bolak balik scroll atas bawah dan refresh tetap tidak ada uang anjing panik akan main
Negatif,2022,tidak terima soalnya ppdb anjing jakarta tidak pakai nilai cuma zonasi sama umur
Negatif,2022,ppdb jakarta ingin saya bantai masih kesel banget saya
Negatif,2022,ppdb jakarta harus tahun anjing saya yang tahun bulan untung di jawa barat
Negatif,2022,tidak adil banget najis ppdb zonasi jakarta masa yang sudah tua pada masuk sma tidak akal banget anak yang seharusnya masuk sma bahkan pada ketendang masa kita harus menunggu tahun depan buat masuk sma negeri akan gila mau sampai kapaan sistem nya seperti begini
Negatif,2022,ppdb jakarta ini kenapa gagal melulu iya padahal jaringan aman kok
Negatif,2022,ini ppdb jakarta kenapa lemah otak banget
Negatif,2022,web ppdb jakarta mengapa beginii
Netral,2022,untuk memenuhi kebutuhan masyarakat mendapatkan layanan paud dinas pendidikan provinsi dki jakarta membuka layanan ppdb tahun ajaran di satuan paud negerivtersebar di jakarta dengan jumlah peminat yang mendaftar ke satuan paud negeri meningkat dari tahun sebelumnya
Netral,2022,untuk memenuhi kebutuhan masyarakat mendapatkan layanan paud dinas pendidikan provinsi dki jakarta membuka layanan ppdb tahun ajaran di satuan paud negerivtersebar di jakarta dengan jumlah peminat yang mendaftar ke satuan paud negeri meningkat dari tahun sebelumnya
Netral,2022,yaallah allahu akbar saya nyesel banget kenapa pas ppdb dahulu saya tidak milih sman atau sman jakarta sekarang rasa nyesel dan rasa bersalahnya ampun besar banget
Netral,2022,penerimaan peserta didik baru ppdb online sma fons vitae marsudirini koja jakarta utara tahun
Netral,2022,ppdb mtsn man dki jakarta tahap akhir link pengumuman dan cara lapor diri
Netral,2022,pengalaman mengikuti ppdb online dki jakarta part
Netral,2022,mau tanya apakah bisa ikut ppdb depok jika kakak dki jakarta tapi tinggalnya didaerah cinere mohon infonya apa saja persyaratannya dan jalur mana yang harus diikiuti terima kasih
Netral,2022,Cuma nyeritain soal tim coach saya yang persiapan buat igt terus si emak nyeletuk kamu tidak ikutan ke jakarta juga busetdah dikata join igt seperti ppdb sma apa menangis banget
Netral,2022,ppdb sma hang tuah jakarta sudah tutup selamat bergabung di sma hang tuah jakarta
Positif,2022,bu di pulau seribu itu sma nya secara fisik bagus tapi kalau diliat di ppdb banyak yang tidak daftar ulang mau usul kenapa tidak dibuat kayak sma unggulan saja yang pakai asrama jadi calon siswa dari jakarta tidak perlu khawatir untuk daftar disana
Positif,2022,sebenarnya semua hal harus disyukuri Cuma if could do this waktu ppdb saya harusnya tetap milih sekolah di jakarta apapun itu sekolahnya asalkan di jakarta
Positif,2022,kalau ppdb jakarta ada sekolah unggulan dan nilainya bagus
Positif,2022,ppdb jakarta japres lolos seleksi dan lulus di smp juga huhuhu puji tuhan bersyukur sangat buat teman yang belum lolos seleksi ppdb japres semoga di jalur afirmasi amp zonasi bisa keterima di sma yang diinginkan aamiinn bagus luck teman-teman semangat
Positif,2022,alhamdulillah keterima ppdb jakarta jalur prestasi walaupun bukan di sma yang saya bayangkan tapi ini cukup untuk saya terima kasih god
Positif,2022,hari pertama ppdb dki jakarta berjalan lancar
Positif,2022,komisi perlindungan anak indonesia ppdb jakarta berjalan lancar lupa password akun dominasi permasalahan di posko ppdb
Positif,2022,semoga lolos ppdb gelombang jakarta semoga juga kakak dijauhkan dari kesialan dilancarkan dan dimudahkan dalam segala urusannya aamiin rajin berdoa saja kak semangat jangan nyerah jaga kesehatan iya banyak makan minum istirahat bagus luck have bagus day
Positif,2022,kagum sih sama yang bikin presentil akademik ppdb dki jakarta tahun ini bisa sedetail itu dalam menghitung presentil akademik nilai akademik nilai non akademik akreditasi peringkat angkatan semuanya diramu jadi satu nilai untuk mewakili ikut jalur prestasi
Positif,2022,pemerintah provinsi dki jakarta menyatakan penerimaan peserta didik baru ppdb daring lebih variatif demi membentuk kualitas pendidikan yang lebih baik
Positif,2022,wakil gubernur dki jakarta ahmad riza patria mengatakan penyelenggaraan penerimaan peserta didik baru ppdb akan berjalan semakin baik
Positif,2022,saya ppdb jakarta pakai jalur luar kota alhamdulillah langsung diterima pilihan nder tidak geser padahal umur nya termasuk muda tidak tahu si ini dihitung apa tidak
